{
    "root_group": {
        "name": "",
        "path": "",
        "id": "d41d8cd98f00b204e9800998ecf8427e",
        "groups": {},
        "checks": {
                "status is 202": {
                    "fails": 6000,
                    "name": "status is 202",
                    "path": "::status is 202",
                    "id": "34a6d451b2be8259be22b1a5c2a715cf",
                    "passes": 17208
                }
            }
    },
    "metrics": {
        "http_req_duration{expected_response:true}": {
            "avg": 1185.4762908874873,
            "min": 23.010505,
            "med": 951.4886485,
            "max": 13512.9584,
            "p(90)": 1289.4771872,
            "p(95)": 2310.0107855499996
        },
        "data_sent": {
            "rate": 4899970.544668707,
            "count": 181227502
        },
        "http_reqs": {
            "count": 23208,
            "rate": 627.4903927146297
        },
        "http_req_blocked": {
            "avg": 6.013105008488442,
            "min": 0,
            "med": 0.006701,
            "max": 571.388788,
            "p(90)": 0.010801,
            "p(95)": 0.013801
        },
        "http_req_sending": {
            "avg": 0.2065549572561196,
            "min": 0,
            "med": 0.157714,
            "max": 26.300306,
            "p(90)": 0.2772569999999999,
            "p(95)": 0.37322544999999874
        },
        "http_req_connecting": {
            "min": 0,
            "med": 0,
            "max": 571.350484,
            "p(90)": 0,
            "p(95)": 0,
            "avg": 5.98918242830058
        },
        "http_req_waiting": {
            "min": 0,
            "med": 890.5823694999999,
            "max": 13512.361145,
            "p(90)": 1253.4216156,
            "p(95)": 1453.0781629999983,
            "avg": 878.6980236142259
        },
        "http_req_tls_handshaking": {
            "p(90)": 0,
            "p(95)": 0,
            "avg": 0,
            "min": 0,
            "med": 0,
            "max": 0
        },
        "vus": {
            "value": 1,
            "min": 1,
            "max": 1000
        },
        "dropped_iterations": {
            "count": 426802,
            "rate": 11539.734341235324
        },
        "http_req_duration": {
            "avg": 878.993278765593,
            "min": 0,
            "med": 890.930313,
            "max": 13512.9584,
            "p(90)": 1253.6392937,
            "p(95)": 1453.3498300499984,
            "thresholds": {
                "p(95)<2000": false
            }
        },
        "http_req_receiving": {
            "avg": 0.08870019411409863,
            "min": 0,
            "med": 0.079909,
            "max": 18.902284,
            "p(90)": 0.1372133,
            "p(95)": 0.1707809999999998
        },
        "iteration_duration": {
            "avg": 1283.3453789894002,
            "min": 2.719367,
            "med": 896.670756,
            "max": 30042.634113,
            "p(90)": 1273.8913440000001,
            "p(95)": 1541.2712803499994
        },
        "iterations": {
            "count": 23208,
            "rate": 627.4903927146297
        },
        "http_req_failed": {
            "passes": 6000,
            "fails": 17208,
            "thresholds": {
                "rate<0.01": true
            },
            "value": 0.25853154084798347
        },
        "data_received": {
            "count": 4319208,
            "rate": 116781.34798932138
        },
        "vus_max": {
            "value": 1000,
            "min": 443,
            "max": 1000
        },
        "checks": {
            "passes": 17208,
            "fails": 6000,
            "value": 0.7414684591520165
        }
    }
}