{
    "root_group": {
        "name": "",
        "path": "",
        "id": "d41d8cd98f00b204e9800998ecf8427e",
        "groups": {},
        "checks": {
                "status is 202": {
                    "fails": 0,
                    "name": "status is 202",
                    "path": "::status is 202",
                    "id": "34a6d451b2be8259be22b1a5c2a715cf",
                    "passes": 26719
                }
            }
    },
    "metrics": {
        "http_req_sending": {
            "min": 0.006902,
            "med": 0.039406,
            "max": 64.579699,
            "p(90)": 0.12252200000000002,
            "p(95)": 0.34292079999999964,
            "avg": 0.2873999714061136
        },
        "http_req_waiting": {
            "p(95)": 1437.4141106999998,
            "avg": 1051.3404556272349,
            "min": 190.854769,
            "med": 1038.195922,
            "max": 2172.969561,
            "p(90)": 1356.7481068
        },
        "checks": {
            "passes": 26719,
            "fails": 0,
            "value": 1
        },
        "http_req_failed": {
            "passes": 0,
            "fails": 26719,
            "thresholds": {
                "rate<0.01": false
            },
            "value": 0
        },
        "http_req_duration{expected_response:true}": {
            "min": 191.625583,
            "med": 1038.336571,
            "max": 2173.060919,
            "p(90)": 1356.9786933999999,
            "p(95)": 1437.4583621999998,
            "avg": 1051.7435147152237
        },
        "data_sent": {
            "count": 35042182,
            "rate": 1151756.8156732828
        },
        "http_reqs": {
            "count": 26719,
            "rate": 878.1927551764454
        },
        "http_req_tls_handshaking": {
            "avg": 0,
            "min": 0,
            "med": 0,
            "max": 0,
            "p(90)": 0,
            "p(95)": 0
        },
        "iterations": {
            "count": 26719,
            "rate": 878.1927551764454
        },
        "http_req_blocked": {
            "min": 0.001794,
            "med": 0.005418,
            "max": 11524.906058,
            "p(90)": 0.009102,
            "p(95)": 0.0243041,
            "avg": 44.503830161234
        },
        "iteration_duration": {
            "avg": 1096.6362063706795,
            "min": 231.125467,
            "med": 1038.878751,
            "max": 12947.160252,
            "p(90)": 1359.5925722,
            "p(95)": 1457.5798128999993
        },
        "vus": {
            "value": 1000,
            "min": 573,
            "max": 1000
        },
        "dropped_iterations": {
            "rate": 8982.157734950011,
            "count": 273282
        },
        "http_req_connecting": {
            "p(95)": 0,
            "avg": 44.47061804730716,
            "min": 0,
            "med": 0,
            "max": 11524.841143,
            "p(90)": 0
        },
        "data_received": {
            "rate": 220426.3815492878,
            "count": 6706469
        },
        "http_req_duration": {
            "avg": 1051.7435147152237,
            "min": 191.625583,
            "med": 1038.336571,
            "max": 2173.060919,
            "p(90)": 1356.9786933999999,
            "p(95)": 1437.4583621999998,
            "thresholds": {
                "p(95)<2000": false
            }
        },
        "vus_max": {
            "value": 1000,
            "min": 573,
            "max": 1000
        },
        "http_req_receiving": {
            "max": 69.621379,
            "p(90)": 0.13234640000000003,
            "p(95)": 0.1754391,
            "avg": 0.11565911658370585,
            "min": 0.014303,
            "med": 0.061205
        }
    }
}