{
    "metrics": {
        "http_req_duration": {
            "avg": 8703.654018666984,
            "min": 129.634158,
            "med": 6878.244299,
            "max": 48615.982842,
            "p(90)": 17714.945395,
            "p(95)": 23146.366080599983,
            "thresholds": {
                "p(95)<2000": true
            }
        },
        "http_req_blocked": {
            "min": 0.0041,
            "med": 0.011601,
            "max": 19677.501701,
            "p(90)": 1295.8408314,
            "p(95)": 2233.3378144999997,
            "avg": 334.20990260399367
        },
        "http_req_waiting": {
            "avg": 7013.32871463994,
            "min": 6.901193,
            "med": 5892.505166,
            "max": 48136.533636,
            "p(90)": 13698.6539718,
            "p(95)": 17108.1860696
        },
        "iteration_duration": {
            "avg": 9052.318868880191,
            "min": 134.545718,
            "med": 7041.482076,
            "max": 48964.252149,
            "p(90)": 18567.61251379999,
            "p(95)": 24178.5974894
        },
        "data_sent": {
            "rate": 5574549.900981298,
            "count": 334451360
        },
        "http_req_connecting": {
            "avg": 334.005769231336,
            "min": 0,
            "med": 0,
            "max": 19677.324123,
            "p(90)": 1295.694247,
            "p(95)": 2232.060117499999
        },
        "http_req_failed": {
            "passes": 12,
            "fails": 3243,
            "thresholds": {
                "rate<0.01": false
            },
            "value": 0.003686635944700461
        },
        "dropped_iterations": {
            "count": 26745,
            "rate": 445.7788334355848
        },
        "http_req_duration{expected_response:true}": {
            "min": 129.634158,
            "med": 6896.03648,
            "max": 48615.982842,
            "p(90)": 17767.131551800012,
            "p(95)": 23183.86165979998,
            "avg": 8713.785353240837
        },
        "data_received": {
            "count": 813993,
            "rate": 13567.427555233948
        },
        "http_req_receiving": {
            "max": 28.771965,
            "p(90)": 0.20253999999999997,
            "p(95)": 0.3973264999999994,
            "avg": 0.2685549803379408,
            "min": 0,
            "med": 0.110811
        },
        "iterations": {
            "count": 3255,
            "rate": 54.253509173035276
        },
        "http_reqs": {
            "count": 3255,
            "rate": 54.253509173035276
        },
        "checks": {
            "passes": 3243,
            "fails": 12,
            "value": 0.9963133640552996
        },
        "vus": {
            "value": 2,
            "min": 2,
            "max": 1000
        },
        "vus_max": {
            "value": 1000,
            "min": 170,
            "max": 1000
        },
        "http_req_tls_handshaking": {
            "p(90)": 0,
            "p(95)": 0,
            "avg": 0,
            "min": 0,
            "med": 0,
            "max": 0
        },
        "http_req_sending": {
            "p(90)": 6902.509473199999,
            "p(95)": 11549.842756499938,
            "avg": 1690.0567490467015,
            "min": 0.093608,
            "med": 0.409737,
            "max": 47994.433296
        }
    },
    "root_group": {
        "name": "",
        "path": "",
        "id": "d41d8cd98f00b204e9800998ecf8427e",
        "groups": {},
        "checks": {
                "status is 202": {
                    "name": "status is 202",
                    "path": "::status is 202",
                    "id": "34a6d451b2be8259be22b1a5c2a715cf",
                    "passes": 3243,
                    "fails": 12
                }
            }
    }
}