{
    "metrics": {
        "data_received": {
            "rate": 177345.95951213466,
            "count": 5422855
        },
        "http_req_tls_handshaking": {
            "p(90)": 0,
            "p(95)": 0,
            "avg": 0,
            "min": 0,
            "med": 0,
            "max": 0
        },
        "http_req_receiving": {
            "med": 0.040104,
            "max": 222.005805,
            "p(90)": 0.12690380000000004,
            "p(95)": 0.18781799999999998,
            "avg": 0.1551856782226352,
            "min": 0.012701
        },
        "vus_max": {
            "value": 1000,
            "min": 461,
            "max": 1000
        },
        "dropped_iterations": {
            "count": 278446,
            "rate": 9106.139301588528
        },
        "vus": {
            "value": 1000,
            "min": 461,
            "max": 1000
        },
        "http_req_sending": {
            "avg": 0.7625471241842129,
            "min": 0.03442,
            "med": 0.130214,
            "max": 106.917582,
            "p(90)": 0.635149,
            "p(95)": 2.263999999999999
        },
        "http_req_failed": {
            "passes": 0,
            "fails": 21605,
            "thresholds": {
                "rate<0.01": false
            },
            "value": 0
        },
        "http_req_blocked": {
            "avg": 1.4454026109696816,
            "min": 0.0024,
            "med": 0.005501,
            "max": 189.245459,
            "p(90)": 0.010502,
            "p(95)": 0.08009899999999959
        },
        "http_req_duration": {
            "p(95)": 2245.5713194,
            "avg": 1344.484107893726,
            "min": 111.425892,
            "med": 1254.433673,
            "max": 3422.186995,
            "p(90)": 1898.3292864000007,
            "thresholds": {
                "p(95)<2000": true
            }
        },
        "http_req_waiting": {
            "avg": 1343.566375091312,
            "min": 111.053734,
            "med": 1253.691055,
            "max": 3422.084687,
            "p(90)": 1897.6325762000004,
            "p(95)": 2245.3313714
        },
        "iteration_duration": {
            "avg": 1347.389709869562,
            "min": 124.798955,
            "med": 1255.559338,
            "max": 3422.446916,
            "p(90)": 1899.7958792,
            "p(95)": 2256.3663463999997
        },
        "iterations": {
            "count": 21605,
            "rate": 706.5576076180664
        },
        "http_reqs": {
            "count": 21605,
            "rate": 706.5576076180664
        },
        "http_req_duration{expected_response:true}": {
            "avg": 1344.484107893726,
            "min": 111.425892,
            "med": 1254.433673,
            "max": 3422.186995,
            "p(90)": 1898.3292864000007,
            "p(95)": 2245.5713194
        },
        "http_req_connecting": {
            "max": 189.100044,
            "p(90)": 0,
            "p(95)": 0,
            "avg": 1.4128353471881518,
            "min": 0,
            "med": 0
        },
        "checks": {
            "fails": 0,
            "passes": 21605,
            "value": 1
        },
        "data_sent": {
            "count": 227509863,
            "rate": 7440352.904919882
        }
    },
    "root_group": {
        "id": "d41d8cd98f00b204e9800998ecf8427e",
        "groups": {},
        "checks": {
                "status is 202": {
                    "passes": 21605,
                    "fails": 0,
                    "name": "status is 202",
                    "path": "::status is 202",
                    "id": "34a6d451b2be8259be22b1a5c2a715cf"
                }
            },
        "name": "",
        "path": ""
    }
}