{
    "root_group": {
        "name": "",
        "path": "",
        "id": "d41d8cd98f00b204e9800998ecf8427e",
        "groups": {},
        "checks": {
                "status is 202": {
                    "fails": 16,
                    "name": "status is 202",
                    "path": "::status is 202",
                    "id": "34a6d451b2be8259be22b1a5c2a715cf",
                    "passes": 3318
                }
            }
    },
    "metrics": {
        "http_req_waiting": {
            "max": 47088.493814,
            "p(90)": 16995.11463790001,
            "p(95)": 20633.49732,
            "avg": 8176.51140668295,
            "min": 44.796999,
            "med": 6591.565141
        },
        "iteration_duration": {
            "avg": 9313.561474788852,
            "min": 102.461546,
            "med": 7542.270831,
            "max": 47351.814153,
            "p(90)": 18854.247853900008,
            "p(95)": 23853.4667352
        },
        "vus_max": {
            "max": 1000,
            "value": 1000,
            "min": 270
        },
        "http_req_failed": {
            "passes": 16,
            "fails": 3318,
            "thresholds": {
                "rate<0.01": false
            },
            "value": 0.004799040191961607
        },
        "http_req_receiving": {
            "avg": 0.20445032663467305,
            "min": 0,
            "med": 0.1131075,
            "max": 20.602904,
            "p(90)": 0.17857730000000002,
            "p(95)": 0.2394785999999999
        },
        "http_req_sending": {
            "p(90)": 2989.6987192000015,
            "p(95)": 5565.471876849999,
            "avg": 898.6369228518282,
            "min": 0.077507,
            "med": 0.349606,
            "max": 45686.963735
        },
        "data_sent": {
            "count": 342378043,
            "rate": 6787228.800797243
        },
        "iterations": {
            "count": 3334,
            "rate": 66.09250004346221
        },
        "vus": {
            "value": 1,
            "min": 1,
            "max": 1000
        },
        "http_req_duration{expected_response:true}": {
            "min": 100.613848,
            "med": 7459.146868,
            "max": 47219.136101,
            "p(90)": 18405.055450300002,
            "p(95)": 23289.019054749977,
            "avg": 9090.136912443048
        },
        "http_req_duration": {
            "med": 7420.6352405,
            "max": 47219.136101,
            "p(90)": 18384.6426498,
            "p(95)": 23222.687759899993,
            "avg": 9075.352779861436,
            "min": 100.613848,
            "thresholds": {
                "p(95)<2000": true
            }
        },
        "http_reqs": {
            "count": 3334,
            "rate": 66.09250004346221
        },
        "http_req_tls_handshaking": {
            "p(90)": 0,
            "p(95)": 0,
            "avg": 0,
            "min": 0,
            "med": 0,
            "max": 0
        },
        "dropped_iterations": {
            "count": 596673,
            "rate": 11828.317420045809
        },
        "data_received": {
            "count": 832818,
            "rate": 16509.60518932097
        },
        "http_req_blocked": {
            "avg": 230.7828502579482,
            "min": 0.003501,
            "med": 0.011501,
            "max": 19627.245891,
            "p(90)": 1090.135712,
            "p(95)": 1233.2050432499998
        },
        "checks": {
            "passes": 3318,
            "fails": 16,
            "value": 0.9952009598080384
        },
        "http_req_connecting": {
            "max": 19627.08787,
            "p(90)": 1090.0183805000001,
            "p(95)": 1233.1137805999997,
            "avg": 230.2798234997001,
            "min": 0,
            "med": 0
        }
    }
}