{
    "root_group": {
        "path": "",
        "id": "d41d8cd98f00b204e9800998ecf8427e",
        "groups": {},
        "checks": {
                "status is 202": {
                    "name": "status is 202",
                    "path": "::status is 202",
                    "id": "34a6d451b2be8259be22b1a5c2a715cf",
                    "passes": 32874,
                    "fails": 3
                }
            },
        "name": ""
    },
    "metrics": {
        "http_req_failed": {
            "passes": 3,
            "fails": 32874,
            "thresholds": {
                "rate<0.01": false
            },
            "value": 0.00009124920156948626
        },
        "data_sent": {
            "count": 43116975,
            "rate": 1425722.8446367648
        },
        "http_req_duration{expected_response:true}": {
            "p(90)": 1172.579604,
            "p(95)": 1278.2427380499996,
            "avg": 884.5402384307059,
            "min": 116.357568,
            "med": 868.4091525,
            "max": 1690.116357
        },
        "vus": {
            "min": 492,
            "max": 1000,
            "value": 1000
        },
        "iteration_duration": {
            "p(95)": 1299.0799091999997,
            "avg": 887.057981526478,
            "min": 79.548772,
            "med": 868.859532,
            "max": 1731.761483,
            "p(90)": 1173.7125616000003
        },
        "iterations": {
            "count": 32877,
            "rate": 1087.123805951668
        },
        "vus_max": {
            "value": 1000,
            "min": 492,
            "max": 1000
        },
        "http_req_tls_handshaking": {
            "max": 0,
            "p(90)": 0,
            "p(95)": 0,
            "avg": 0,
            "min": 0,
            "med": 0
        },
        "data_received": {
            "count": 8251374,
            "rate": 272843.17629986425
        },
        "http_req_blocked": {
            "p(90)": 0.0081,
            "p(95)": 0.011726,
            "avg": 1.0284633538947585,
            "min": 0,
            "med": 0.004911,
            "max": 219.814825
        },
        "http_req_waiting": {
            "med": 868.233782,
            "max": 1689.998317,
            "p(90)": 1172.4856534,
            "p(95)": 1278.1377088,
            "avg": 884.2240608367841,
            "min": 0
        },
        "http_req_connecting": {
            "avg": 0.97929966843082,
            "min": 0,
            "med": 0,
            "max": 205.861565,
            "p(90)": 0,
            "p(95)": 0
        },
        "checks": {
            "passes": 32874,
            "fails": 3,
            "value": 0.9999087507984306
        },
        "http_reqs": {
            "count": 32877,
            "rate": 1087.123805951668
        },
        "http_req_receiving": {
            "med": 0.050887,
            "max": 32.463453,
            "p(90)": 0.12142560000000004,
            "p(95)": 0.15354220000000002,
            "avg": 0.09001360136265273,
            "min": 0
        },
        "http_req_duration": {
            "min": 0,
            "med": 868.397386,
            "max": 1690.116357,
            "p(90)": 1172.574354,
            "p(95)": 1278.2203755999994,
            "avg": 884.459524840193,
            "thresholds": {
                "p(95)<2000": false
            }
        },
        "http_req_sending": {
            "p(90)": 0.106236,
            "p(95)": 0.34342299999999987,
            "avg": 0.14545040204398235,
            "min": 0,
            "med": 0.023801,
            "max": 31.671476
        },
        "dropped_iterations": {
            "rate": 18752.976585247296,
            "count": 567131
        }
    }
}