{
    "root_group": {
        "id": "d41d8cd98f00b204e9800998ecf8427e",
        "groups": {},
        "checks": {
                "status is 202": {
                    "name": "status is 202",
                    "path": "::status is 202",
                    "id": "34a6d451b2be8259be22b1a5c2a715cf",
                    "passes": 3637,
                    "fails": 63
                }
            },
        "name": "",
        "path": ""
    },
    "metrics": {
        "http_req_sending": {
            "p(90)": 3522.022927299999,
            "p(95)": 7709.933456199975,
            "avg": 1106.8250401505413,
            "min": 0,
            "med": 0.33465900000000004,
            "max": 42233.286371
        },
        "http_req_duration": {
            "min": 0,
            "med": 6464.273757999999,
            "max": 54423.268826,
            "p(90)": 15112.1824505,
            "p(95)": 18913.29755409998,
            "avg": 7709.643531641085,
            "thresholds": {
                "p(95)<2000": true
            }
        },
        "checks": {
            "passes": 3637,
            "fails": 63,
            "value": 0.9829729729729729
        },
        "http_req_failed": {
            "passes": 63,
            "fails": 3637,
            "thresholds": {
                "rate<0.01": true
            },
            "value": 0.017027027027027027
        },
        "http_req_waiting": {
            "min": 0,
            "med": 5671.8992255,
            "max": 54194.308817,
            "p(90)": 12590.595803799999,
            "p(95)": 16237.942935849978,
            "avg": 6602.499310340006
        },
        "dropped_iterations": {
            "rate": 5393.965509349562,
            "count": 296294
        },
        "http_req_blocked": {
            "min": 0,
            "med": 0.011402,
            "max": 7366.436053,
            "p(90)": 788.5352162999685,
            "p(95)": 1606.9808281999942,
            "avg": 234.9323160208112
        },
        "http_req_tls_handshaking": {
            "min": 0,
            "med": 0,
            "max": 0,
            "p(90)": 0,
            "p(95)": 0,
            "avg": 0
        },
        "http_req_receiving": {
            "avg": 0.3191811505405404,
            "min": 0,
            "med": 0.120471,
            "max": 106.097073,
            "p(90)": 0.20785539999999997,
            "p(95)": 0.3286563499999999
        },
        "http_req_duration{expected_response:true}": {
            "p(90)": 15240.613807,
            "p(95)": 19036.286149999996,
            "avg": 7821.770925493817,
            "min": 110.766062,
            "med": 6566.421971,
            "max": 54423.268826
        },
        "iterations": {
            "count": 3700,
            "rate": 67.35766631991663
        },
        "iteration_duration": {
            "med": 6749.1154934999995,
            "max": 54590.195144,
            "p(90)": 16715.3627513,
            "p(95)": 21153.82414405,
            "avg": 8358.625344832699,
            "min": 113.471892
        },
        "vus_max": {
            "value": 1000,
            "min": 244,
            "max": 1000
        },
        "http_reqs": {
            "count": 3700,
            "rate": 67.35766631991663
        },
        "http_req_connecting": {
            "p(95)": 1606.8795962499942,
            "avg": 234.78532941972975,
            "min": 0,
            "med": 0,
            "max": 7366.298019,
            "p(90)": 788.2483592999685
        },
        "data_received": {
            "rate": 16618.902144267497,
            "count": 912887
        },
        "data_sent": {
            "rate": 6823743.444825165,
            "count": 374832623
        },
        "vus": {
            "value": 1,
            "min": 1,
            "max": 1000
        }
    }
}