{
    "metrics": {
        "http_reqs": {
            "count": 25631,
            "rate": 828.2580238425027
        },
        "vus_max": {
            "min": 186,
            "max": 1000,
            "value": 1000
        },
        "http_req_failed": {
            "passes": 7009,
            "fails": 18622,
            "thresholds": {
                "rate<0.01": true
            },
            "value": 0.27345792204752056
        },
        "http_req_duration{expected_response:true}": {
            "avg": 1197.3958362120557,
            "min": 8.625153,
            "med": 1014.037878,
            "max": 9734.227773,
            "p(90)": 1442.6363344000004,
            "p(95)": 2500.21645025
        },
        "http_req_connecting": {
            "max": 239.217403,
            "p(90)": 0,
            "p(95)": 0,
            "avg": 1.0331725606101991,
            "min": 0,
            "med": 0
        },
        "vus": {
            "value": 32,
            "min": 32,
            "max": 999
        },
        "dropped_iterations": {
            "count": 4370,
            "rate": 141.2152301584697
        },
        "data_received": {
            "count": 4674122,
            "rate": 151042.84073655988
        },
        "http_req_blocked": {
            "p(90)": 0.0105,
            "p(95)": 0.035402,
            "avg": 1.0583855155085566,
            "min": 0,
            "med": 0.007,
            "max": 240.683652
        },
        "http_req_receiving": {
            "avg": 0.0978475605321687,
            "min": 0,
            "med": 0.061904,
            "max": 51.525231,
            "p(90)": 0.154708,
            "p(95)": 0.20266
        },
        "http_req_tls_handshaking": {
            "avg": 0,
            "min": 0,
            "med": 0,
            "max": 0,
            "p(90)": 0,
            "p(95)": 0
        },
        "iterations": {
            "count": 25631,
            "rate": 828.2580238425027
        },
        "checks": {
            "passes": 18622,
            "fails": 7009,
            "value": 0.7265420779524794
        },
        "http_req_sending": {
            "avg": 0.07266547520580577,
            "min": 0,
            "med": 0.028702,
            "max": 51.659939,
            "p(90)": 0.084305,
            "p(95)": 0.131807
        },
        "http_req_waiting": {
            "min": 0,
            "med": 880.169913,
            "max": 9734.133669,
            "p(90)": 1372.401276,
            "p(95)": 2111.0002194999997,
            "avg": 869.7879459374216
        },
        "iteration_duration": {
            "avg": 911.0168408538474,
            "min": 2.092836,
            "med": 882.035169,
            "max": 9765.958549,
            "p(90)": 1372.867606,
            "p(95)": 2111.5277575
        },
        "data_sent": {
            "count": 24422043,
            "rate": 789190.943520605
        },
        "http_req_duration": {
            "max": 9734.227773,
            "p(90)": 1372.595867,
            "p(95)": 2111.1193755000004,
            "avg": 869.9584589731536,
            "min": 0,
            "med": 880.346919,
            "thresholds": {
                "p(95)<2000": true
            }
        }
    },
    "root_group": {
        "path": "",
        "id": "d41d8cd98f00b204e9800998ecf8427e",
        "groups": {},
        "checks": {
                "status is 202": {
                    "fails": 7009,
                    "name": "status is 202",
                    "path": "::status is 202",
                    "id": "34a6d451b2be8259be22b1a5c2a715cf",
                    "passes": 18622
                }
            },
        "name": ""
    }
}