{
    "root_group": {
        "name": "",
        "path": "",
        "id": "d41d8cd98f00b204e9800998ecf8427e",
        "groups": {},
        "checks": {
                "status is 202": {
                    "name": "status is 202",
                    "path": "::status is 202",
                    "id": "34a6d451b2be8259be22b1a5c2a715cf",
                    "passes": 18457,
                    "fails": 7240
                }
            }
    },
    "metrics": {
        "http_req_duration{expected_response:true}": {
            "avg": 1025.8368700665258,
            "min": 3.672939,
            "med": 467.6711,
            "max": 15265.695113,
            "p(90)": 2306.9327220000005,
            "p(95)": 3323.5809066
        },
        "iterations": {
            "count": 25697,
            "rate": 823.7347201893541
        },
        "vus": {
            "value": 139,
            "min": 139,
            "max": 1000
        },
        "data_sent": {
            "count": 24202751,
            "rate": 775835.5575669381
        },
        "http_reqs": {
            "count": 25697,
            "rate": 823.7347201893541
        },
        "http_req_connecting": {
            "avg": 0.4203540094563571,
            "min": 0,
            "med": 0,
            "max": 64.120561,
            "p(90)": 0,
            "p(95)": 0
        },
        "http_req_waiting": {
            "avg": 736.6750282028269,
            "min": 0,
            "med": 259.554082,
            "max": 15265.417595,
            "p(90)": 1690.9920076000003,
            "p(95)": 2750.477174999997
        },
        "checks": {
            "passes": 18457,
            "fails": 7240,
            "value": 0.7182550492275362
        },
        "http_req_receiving": {
            "min": -1.644924,
            "med": 0.067105,
            "max": 15.607581,
            "p(90)": 0.14811,
            "p(95)": 0.192013,
            "avg": 0.08422971179515085
        },
        "dropped_iterations": {
            "count": 4303,
            "rate": 137.93557617522632
        },
        "http_req_sending": {
            "avg": 0.053253694439039594,
            "min": 0,
            "med": 0.028102,
            "max": 14.713824,
            "p(90)": 0.083406,
            "p(95)": 0.124108
        },
        "data_received": {
            "count": 4632707,
            "rate": 148504.55712200888
        },
        "vus_max": {
            "value": 1000,
            "min": 160,
            "max": 1000
        },
        "iteration_duration": {
            "avg": 787.3341945168349,
            "min": 1.787721,
            "med": 296.141217,
            "max": 15271.491224,
            "p(90)": 1691.4719640000003,
            "p(95)": 2751.8332869999995
        },
        "http_req_failed": {
            "passes": 7240,
            "fails": 18457,
            "thresholds": {
                "rate<0.01": true
            },
            "value": 0.2817449507724637
        },
        "http_req_duration": {
            "avg": 736.8125116090541,
            "min": 0,
            "med": 259.752575,
            "max": 15265.695113,
            "p(90)": 1691.0983610000003,
            "p(95)": 2750.6228255999968,
            "thresholds": {
                "p(95)<2000": true
            }
        },
        "http_req_tls_handshaking": {
            "med": 0,
            "max": 0,
            "p(90)": 0,
            "p(95)": 0,
            "avg": 0,
            "min": 0
        },
        "http_req_blocked": {
            "avg": 0.435610148850066,
            "min": 0,
            "med": 0.0067,
            "max": 64.195166,
            "p(90)": 0.0102,
            "p(95)": 0.03202199999999971
        }
    }
}