{
    "root_group": {
        "path": "",
        "id": "d41d8cd98f00b204e9800998ecf8427e",
        "groups": {},
        "checks": {
                "status is 202": {
                    "passes": 16496,
                    "fails": 3645,
                    "name": "status is 202",
                    "path": "::status is 202",
                    "id": "34a6d451b2be8259be22b1a5c2a715cf"
                }
            },
        "name": ""
    },
    "metrics": {
        "http_reqs": {
            "count": 20141,
            "rate": 554.3835983114534
        },
        "data_sent": {
            "count": 173727174,
            "rate": 4781862.660572959
        },
        "dropped_iterations": {
            "count": 580030,
            "rate": 15965.3998574347
        },
        "http_req_duration{expected_response:true}": {
            "avg": 1392.970273776918,
            "min": 63.998784,
            "med": 1026.4208589999998,
            "max": 18166.960556,
            "p(90)": 1370.1794315000002,
            "p(95)": 3801.4619062499996
        },
        "iterations": {
            "count": 20141,
            "rate": 554.3835983114534
        },
        "http_req_connecting": {
            "med": 0,
            "max": 703.849828,
            "p(90)": 0,
            "p(95)": 0,
            "avg": 15.433493737500608,
            "min": 0
        },
        "checks": {
            "passes": 16496,
            "fails": 3645,
            "value": 0.8190258676331861
        },
        "vus": {
            "value": 1,
            "min": 1,
            "max": 1000
        },
        "http_req_waiting": {
            "avg": 1140.5538533490849,
            "min": 0,
            "med": 967.667005,
            "max": 18166.565018,
            "p(90)": 1332.18228,
            "p(95)": 1399.665331
        },
        "http_req_duration": {
            "max": 18166.960556,
            "p(90)": 1333.455622,
            "p(95)": 1399.934061,
            "avg": 1140.8786870673769,
            "min": 0,
            "med": 968.113537,
            "thresholds": {
                "p(95)<2000": false
            }
        },
        "http_req_blocked": {
            "avg": 15.495786550419743,
            "min": 0,
            "med": 0.007201,
            "max": 706.149843,
            "p(90)": 0.011219,
            "p(95)": 0.039869
        },
        "iteration_duration": {
            "min": 2.241086,
            "med": 973.075561,
            "max": 30029.297509,
            "p(90)": 1348.019252,
            "p(95)": 1634.812465,
            "avg": 1480.2191416172989
        },
        "http_req_sending": {
            "avg": 0.21468119249292258,
            "min": 0,
            "med": 0.170795,
            "max": 62.469134,
            "p(90)": 0.284132,
            "p(95)": 0.376388
        },
        "http_req_tls_handshaking": {
            "avg": 0,
            "min": 0,
            "med": 0,
            "max": 0,
            "p(90)": 0,
            "p(95)": 0
        },
        "data_received": {
            "count": 4140496,
            "rate": 113967.6814097701
        },
        "http_req_receiving": {
            "min": 0,
            "med": 0.090108,
            "max": 15.08392,
            "p(90)": 0.157012,
            "p(95)": 0.19252,
            "avg": 0.11015252579315755
        },
        "vus_max": {
            "value": 1000,
            "min": 379,
            "max": 1000
        },
        "http_req_failed": {
            "passes": 3645,
            "fails": 16496,
            "thresholds": {
                "rate<0.01": true
            },
            "value": 0.18097413236681395
        }
    }
}