{
    "root_group": {
        "name": "",
        "path": "",
        "id": "d41d8cd98f00b204e9800998ecf8427e",
        "groups": {},
        "checks": {
                "status is 202": {
                    "fails": 11,
                    "name": "status is 202",
                    "path": "::status is 202",
                    "id": "34a6d451b2be8259be22b1a5c2a715cf",
                    "passes": 4149
                }
            }
    },
    "metrics": {
        "data_sent": {
            "count": 427300886,
            "rate": 7119973.680234231
        },
        "http_reqs": {
            "count": 4160,
            "rate": 69.31670745418113
        },
        "http_req_duration{expected_response:true}": {
            "avg": 7282.531436501806,
            "min": 123.68098,
            "med": 6376.833559,
            "max": 51635.305979,
            "p(90)": 13443.929538000002,
            "p(95)": 16824.168460599998
        },
        "http_req_blocked": {
            "min": 0.0039,
            "med": 0.011201,
            "max": 5191.796249,
            "p(90)": 342.9441205999998,
            "p(95)": 1235.876507,
            "avg": 177.7913439060096
        },
        "http_req_waiting": {
            "p(90)": 11954.970310499999,
            "p(95)": 15107.282729999999,
            "avg": 6501.941160978138,
            "min": 11.89831,
            "med": 5738.1430335000005,
            "max": 51572.366129
        },
        "iterations": {
            "rate": 69.31670745418113,
            "count": 4160
        },
        "vus_max": {
            "value": 1000,
            "min": 246,
            "max": 1000
        },
        "http_req_sending": {
            "p(95)": 5694.891264849999,
            "avg": 777.0231208079321,
            "min": 0.08881,
            "med": 0.302183,
            "max": 33546.262317,
            "p(90)": 2370.4306709999983
        },
        "vus": {
            "value": 1,
            "min": 1,
            "max": 1000
        },
        "http_req_failed": {
            "passes": 11,
            "fails": 4149,
            "thresholds": {
                "rate<0.01": false
            },
            "value": 0.0026442307692307694
        },
        "http_req_connecting": {
            "med": 0,
            "max": 5191.634439,
            "p(90)": 342.72142279999997,
            "p(95)": 1235.7315679499998,
            "avg": 177.6003133252402,
            "min": 0
        },
        "http_req_tls_handshaking": {
            "avg": 0,
            "min": 0,
            "med": 0,
            "max": 0,
            "p(90)": 0,
            "p(95)": 0
        },
        "dropped_iterations": {
            "count": 145845,
            "rate": 2430.1671150613092
        },
        "checks": {
            "passes": 4149,
            "fails": 11,
            "value": 0.9973557692307692
        },
        "iteration_duration": {
            "avg": 7464.739456357692,
            "min": 127.779559,
            "med": 6482.6281195,
            "max": 51738.512706,
            "p(90)": 13792.4104822,
            "p(95)": 17017.929635349992
        },
        "http_req_duration": {
            "avg": 7279.14508875144,
            "min": 123.68098,
            "med": 6361.848728,
            "max": 51635.305979,
            "p(90)": 13433.266410999999,
            "p(95)": 16815.7962638,
            "thresholds": {
                "p(95)<2000": true
            }
        },
        "data_received": {
            "count": 1041399,
            "rate": 17352.487938960763
        },
        "http_req_receiving": {
            "p(90)": 0.17032899999999998,
            "p(95)": 0.22198409999999968,
            "avg": 0.18080696538461527,
            "min": 0,
            "med": 0.1000115,
            "max": 16.178588
        }
    }
}