{
    "root_group": {
        "path": "",
        "id": "d41d8cd98f00b204e9800998ecf8427e",
        "groups": {},
        "checks": {
                "status is 202": {
                    "passes": 17627,
                    "fails": 5403,
                    "name": "status is 202",
                    "path": "::status is 202",
                    "id": "34a6d451b2be8259be22b1a5c2a715cf"
                }
            },
        "name": ""
    },
    "metrics": {
        "checks": {
            "fails": 5403,
            "passes": 17627,
            "value": 0.7653929656969171
        },
        "http_req_connecting": {
            "p(90)": 0,
            "p(95)": 0,
            "avg": 0.3729702560138952,
            "min": 0,
            "med": 0,
            "max": 65.872552
        },
        "http_req_sending": {
            "max": 39.007361,
            "p(90)": 0.294023,
            "p(95)": 0.410232,
            "avg": 0.2277843073382539,
            "min": 0,
            "med": 0.171414
        },
        "http_req_duration": {
            "min": 0,
            "med": 902.2394635,
            "max": 9029.718308,
            "p(90)": 1245.8959723000003,
            "p(95)": 1572.4993332,
            "avg": 868.9832354998726,
            "thresholds": {
                "p(95)<2000": false
            }
        },
        "http_req_receiving": {
            "min": 0,
            "med": 0.082707,
            "max": 16.955326,
            "p(90)": 0.155412,
            "p(95)": 0.20097054999999994,
            "avg": 0.1043263534520187
        },
        "iterations": {
            "rate": 543.2741965956366,
            "count": 23030
        },
        "http_req_tls_handshaking": {
            "avg": 0,
            "min": 0,
            "med": 0,
            "max": 0,
            "p(90)": 0,
            "p(95)": 0
        },
        "http_req_duration{expected_response:true}": {
            "avg": 1135.3425945176189,
            "min": 97.597432,
            "med": 937.569844,
            "max": 9029.718308,
            "p(90)": 1419.2886667999999,
            "p(95)": 1803.5493609000002
        },
        "http_req_failed": {
            "passes": 5403,
            "fails": 17627,
            "thresholds": {
                "rate<0.01": true
            },
            "value": 0.23460703430308294
        },
        "iteration_duration": {
            "p(95)": 1794.7950540499999,
            "avg": 1207.712483333138,
            "min": 1.967554,
            "med": 904.9196724999999,
            "max": 30024.308793,
            "p(90)": 1335.1567869000019
        },
        "vus": {
            "value": 19,
            "min": 19,
            "max": 1000
        },
        "http_reqs": {
            "count": 23030,
            "rate": 543.2741965956366
        },
        "data_received": {
            "count": 4424377,
            "rate": 104370.380378255
        },
        "http_req_blocked": {
            "min": 0,
            "med": 0.007701,
            "max": 65.995461,
            "p(90)": 0.011501,
            "p(95)": 0.018710999999999853,
            "avg": 0.39415452401215295
        },
        "http_req_waiting": {
            "avg": 868.6511248390801,
            "min": 0,
            "med": 901.8742394999999,
            "max": 9029.497991,
            "p(90)": 1245.5297737,
            "p(95)": 1572.18840965
        },
        "data_sent": {
            "rate": 4378772.59166325,
            "count": 185621061
        },
        "vus_max": {
            "value": 1000,
            "min": 241,
            "max": 1000
        },
        "dropped_iterations": {
            "count": 6971,
            "rate": 164.44482954703352
        }
    }
}