{
    "root_group": {
        "name": "",
        "path": "",
        "id": "d41d8cd98f00b204e9800998ecf8427e",
        "groups": {},
        "checks": {
                "status is 202": {
                    "id": "34a6d451b2be8259be22b1a5c2a715cf",
                    "passes": 11600,
                    "fails": 16326,
                    "name": "status is 202",
                    "path": "::status is 202"
                }
            }
    },
    "metrics": {
        "vus_max": {
            "value": 1000,
            "min": 380,
            "max": 1000
        },
        "http_req_blocked": {
            "max": 154.914567,
            "p(90)": 0.008601,
            "p(95)": 0.010401,
            "avg": 0.7733888544367147,
            "min": 0,
            "med": 0
        },
        "http_req_duration": {
            "avg": 464.9592335077706,
            "min": 0,
            "med": 0,
            "max": 15848.679201,
            "p(90)": 783.6281245,
            "p(95)": 908.08565475,
            "thresholds": {
                "p(95)<2000": false
            }
        },
        "http_req_connecting": {
            "avg": 0.7424051280527113,
            "min": 0,
            "med": 0,
            "max": 153.993696,
            "p(90)": 0,
            "p(95)": 0
        },
        "http_req_duration{expected_response:true}": {
            "max": 15848.679201,
            "p(90)": 1009.0477802000014,
            "p(95)": 2479.4288991499957,
            "avg": 1072.4259344205188,
            "min": 8.357148,
            "med": 640.4266725
        },
        "dropped_iterations": {
            "count": 272081,
            "rate": 5740.164307020851
        },
        "http_req_sending": {
            "avg": 0.05047387226956914,
            "min": 0,
            "med": 0,
            "max": 39.121404,
            "p(90)": 0.075206,
            "p(95)": 0.104908
        },
        "http_req_waiting": {
            "med": 0,
            "max": 15848.593693,
            "p(90)": 783.3444535000001,
            "p(95)": 907.91616725,
            "avg": 464.8417086098278,
            "min": 0
        },
        "http_req_failed": {
            "passes": 16326,
            "fails": 11600,
            "thresholds": {
                "rate<0.01": true
            },
            "value": 0.584616486428418
        },
        "http_req_receiving": {
            "max": 52.78019,
            "p(90)": 0.123209,
            "p(95)": 0.155712,
            "avg": 0.06705102567499845,
            "min": 0,
            "med": 0
        },
        "vus": {
            "value": 13,
            "min": 13,
            "max": 1000
        },
        "http_req_tls_handshaking": {
            "avg": 0,
            "min": 0,
            "med": 0,
            "max": 0,
            "p(90)": 0,
            "p(95)": 0
        },
        "checks": {
            "passes": 11600,
            "fails": 16326,
            "value": 0.41538351357158204
        },
        "iteration_duration": {
            "avg": 1166.836913751491,
            "min": 2.345382,
            "med": 510.555242,
            "max": 30029.485734,
            "p(90)": 852.5382605,
            "p(95)": 1643.56201725
        },
        "data_sent": {
            "count": 15322289,
            "rate": 323258.3547533941
        },
        "iterations": {
            "count": 27926,
            "rate": 589.1621555267155
        },
        "http_reqs": {
            "count": 27926,
            "rate": 589.1621555267155
        },
        "data_received": {
            "count": 2911600,
            "rate": 61426.78980274959
        }
    }
}