{
    "root_group": {
        "name": "",
        "path": "",
        "id": "d41d8cd98f00b204e9800998ecf8427e",
        "groups": {},
        "checks": {
                "status is 202": {
                    "path": "::status is 202",
                    "id": "34a6d451b2be8259be22b1a5c2a715cf",
                    "passes": 12897,
                    "fails": 0,
                    "name": "status is 202"
                }
            }
    },
    "metrics": {
        "iterations": {
            "count": 12897,
            "rate": 418.3309010397201
        },
        "http_req_waiting": {
            "avg": 2131.541525033357,
            "min": 79.329642,
            "med": 2096.743503,
            "max": 4828.49988,
            "p(90)": 3231.810765,
            "p(95)": 3556.9684665999957
        },
        "http_req_sending": {
            "p(90)": 0.34625639999999985,
            "p(95)": 0.5955825999999942,
            "avg": 0.4020586225478801,
            "min": 0.053258,
            "med": 0.207174,
            "max": 57.720185
        },
        "checks": {
            "passes": 12897,
            "fails": 0,
            "value": 1
        },
        "data_received": {
            "count": 3237147,
            "rate": 105001.05616096975
        },
        "http_req_duration": {
            "avg": 2132.094045886565,
            "min": 79.704046,
            "med": 2097.16914,
            "max": 4832.434463,
            "p(90)": 3232.1350169999996,
            "p(95)": 3560.394543,
            "thresholds": {
                "p(95)<2000": true
            }
        },
        "http_reqs": {
            "rate": 418.3309010397201,
            "count": 12897
        },
        "vus": {
            "min": 193,
            "max": 1000,
            "value": 940
        },
        "http_req_receiving": {
            "avg": 0.15046223067380013,
            "min": 0.015209,
            "med": 0.068775,
            "max": 28.850184,
            "p(90)": 0.15292799999999998,
            "p(95)": 0.20682539999999994
        },
        "dropped_iterations": {
            "count": 17105,
            "rate": 554.8228318434064
        },
        "iteration_duration": {
            "avg": 2135.0695619262665,
            "min": 90.508224,
            "med": 2098.23568,
            "max": 5349.802766,
            "p(90)": 3232.93685,
            "p(95)": 3561.8734158
        },
        "http_req_failed": {
            "passes": 0,
            "fails": 12897,
            "thresholds": {
                "rate<0.01": false
            },
            "value": 0
        },
        "http_req_tls_handshaking": {
            "p(90)": 0,
            "p(95)": 0,
            "avg": 0,
            "min": 0,
            "med": 0,
            "max": 0
        },
        "data_sent": {
            "count": 135793552,
            "rate": 4404639.758358074
        },
        "http_req_duration{expected_response:true}": {
            "p(95)": 3560.394543,
            "avg": 2132.094045886565,
            "min": 79.704046,
            "med": 2097.16914,
            "max": 4832.434463,
            "p(90)": 3232.1350169999996
        },
        "vus_max": {
            "value": 1000,
            "min": 245,
            "max": 1000
        },
        "http_req_blocked": {
            "min": 0.002701,
            "med": 0.009005,
            "max": 559.468288,
            "p(90)": 0.0211224,
            "p(95)": 6.738538399999998,
            "avg": 2.9988092592851276
        },
        "http_req_connecting": {
            "med": 0,
            "max": 559.399213,
            "p(90)": 0,
            "p(95)": 6.4092923999999964,
            "avg": 2.962522065208966,
            "min": 0
        }
    }
}