{
    "metrics": {
        "http_req_duration": {
            "avg": 7200.056420921885,
            "min": 0,
            "med": 5938.6652644999995,
            "max": 47386.428048,
            "p(90)": 14818.752864700007,
            "p(95)": 18382.922610349997,
            "thresholds": {
                "p(95)<2000": true
            }
        },
        "http_req_blocked": {
            "avg": 197.1135582523787,
            "min": 0,
            "med": 0.011408,
            "max": 19675.758932,
            "p(90)": 321.2625112000002,
            "p(95)": 1307.6911292
        },
        "iteration_duration": {
            "avg": 7625.139425494485,
            "min": 75.615247,
            "med": 6106.481916999999,
            "max": 47923.300687,
            "p(90)": 15453.374205800003,
            "p(95)": 19514.74430145
        },
        "http_reqs": {
            "count": 3994,
            "rate": 79.56134347535269
        },
        "http_req_duration{expected_response:true}": {
            "max": 47386.428048,
            "p(90)": 14850.0790324,
            "p(95)": 18534.273275199994,
            "avg": 7257.956978160123,
            "min": 68.942879,
            "med": 5946.190569
        },
        "http_req_connecting": {
            "avg": 196.97357995317986,
            "min": 0,
            "med": 0,
            "max": 19675.61088,
            "p(90)": 321.1778739000002,
            "p(95)": 1304.4918629999995
        },
        "dropped_iterations": {
            "count": 446032,
            "rate": 8885.053869053207
        },
        "http_req_receiving": {
            "max": 39.870804,
            "p(90)": 0.2438110000000002,
            "p(95)": 0.7756641999999994,
            "avg": 0.31344859238858314,
            "min": 0,
            "med": 0.1198955
        },
        "checks": {
            "passes": 3947,
            "fails": 47,
            "value": 0.9882323485227842
        },
        "data_received": {
            "count": 990697,
            "rate": 19734.898421883194
        },
        "http_req_failed": {
            "passes": 47,
            "fails": 3947,
            "thresholds": {
                "rate<0.01": true
            },
            "value": 0.011767651477215823
        },
        "http_req_sending": {
            "min": 0,
            "med": 0.3453265,
            "max": 28633.952858,
            "p(90)": 2099.388013600008,
            "p(95)": 4960.518901449996,
            "avg": 693.0224038943404
        },
        "vus": {
            "value": 1,
            "min": 1,
            "max": 1000
        },
        "http_req_tls_handshaking": {
            "p(90)": 0,
            "p(95)": 0,
            "avg": 0,
            "min": 0,
            "med": 0,
            "max": 0
        },
        "iterations": {
            "count": 3994,
            "rate": 79.56134347535269
        },
        "http_req_waiting": {
            "med": 5280.990739,
            "max": 47219.494953,
            "p(90)": 13860.5867076,
            "p(95)": 16770.115889549998,
            "avg": 6506.720568435161,
            "min": 0
        },
        "data_sent": {
            "count": 407181207,
            "rate": 8111137.6732187485
        },
        "vus_max": {
            "value": 1000,
            "min": 279,
            "max": 1000
        }
    },
    "root_group": {
        "path": "",
        "id": "d41d8cd98f00b204e9800998ecf8427e",
        "groups": {},
        "checks": {
                "status is 202": {
                    "name": "status is 202",
                    "path": "::status is 202",
                    "id": "34a6d451b2be8259be22b1a5c2a715cf",
                    "passes": 3947,
                    "fails": 47
                }
            },
        "name": ""
    }
}