{
    "root_group": {
        "name": "",
        "path": "",
        "id": "d41d8cd98f00b204e9800998ecf8427e",
        "groups": {},
        "checks": {
                "status is 202": {
                    "fails": 1978,
                    "name": "status is 202",
                    "path": "::status is 202",
                    "id": "34a6d451b2be8259be22b1a5c2a715cf",
                    "passes": 24204
                }
            }
    },
    "metrics": {
        "http_reqs": {
            "count": 26182,
            "rate": 833.4227777596075
        },
        "http_req_duration{expected_response:true}": {
            "min": 6.382612,
            "med": 492.30854899999997,
            "max": 8423.1349,
            "p(90)": 1362.4351859000003,
            "p(95)": 2062.8194437499997,
            "avg": 740.20747282206
        },
        "vus": {
            "value": 322,
            "min": 193,
            "max": 1000
        },
        "http_req_duration": {
            "avg": 684.2862146583585,
            "min": 0,
            "med": 475.528951,
            "max": 8423.1349,
            "p(90)": 1316.1582497000002,
            "p(95)": 2041.9302575999998,
            "thresholds": {
                "p(95)<2000": true
            }
        },
        "http_req_waiting": {
            "avg": 684.0964237029996,
            "min": 0,
            "med": 475.360921,
            "max": 8422.911485,
            "p(90)": 1315.9750279000004,
            "p(95)": 2041.74462595
        },
        "data_received": {
            "count": 6075204,
            "rate": 193385.27970117936
        },
        "data_sent": {
            "count": 31719249,
            "rate": 1009683.9282724258
        },
        "iteration_duration": {
            "p(95)": 2043.3060616999996,
            "avg": 694.5558757045676,
            "min": 3.559529,
            "med": 476.1716755,
            "max": 8450.055035,
            "p(90)": 1317.5166598
        },
        "http_req_receiving": {
            "max": 32.554182,
            "p(90)": 0.168412,
            "p(95)": 0.22251495,
            "avg": 0.11507736364678035,
            "min": 0,
            "med": 0.09245600000000001
        },
        "checks": {
            "passes": 24204,
            "fails": 1978,
            "value": 0.9244519135283783
        },
        "iterations": {
            "count": 26182,
            "rate": 833.4227777596075
        },
        "dropped_iterations": {
            "count": 3816,
            "rate": 121.47052631314116
        },
        "http_req_blocked": {
            "p(95)": 0.03720295,
            "avg": 1.2447692930639205,
            "min": 0,
            "med": 0.0073,
            "max": 249.080346,
            "p(90)": 0.010401
        },
        "http_req_failed": {
            "passes": 1978,
            "fails": 24204,
            "thresholds": {
                "rate<0.01": true
            },
            "value": 0.07554808647162173
        },
        "http_req_tls_handshaking": {
            "med": 0,
            "max": 0,
            "p(90)": 0,
            "p(95)": 0,
            "avg": 0,
            "min": 0
        },
        "http_req_sending": {
            "min": 0,
            "med": 0.046903,
            "max": 23.621425,
            "p(90)": 0.096807,
            "p(95)": 0.14530995,
            "avg": 0.0747135917042243
        },
        "http_req_connecting": {
            "avg": 1.2213948224734565,
            "min": 0,
            "med": 0,
            "max": 248.931636,
            "p(90)": 0,
            "p(95)": 0
        },
        "vus_max": {
            "value": 1000,
            "min": 196,
            "max": 1000
        }
    }
}