{
    "root_group": {
        "name": "",
        "path": "",
        "id": "d41d8cd98f00b204e9800998ecf8427e",
        "groups": {},
        "checks": {
                "status is 202": {
                    "passes": 3805,
                    "fails": 19,
                    "name": "status is 202",
                    "path": "::status is 202",
                    "id": "34a6d451b2be8259be22b1a5c2a715cf"
                }
            }
    },
    "metrics": {
        "http_req_blocked": {
            "p(95)": 1311.3495965499992,
            "avg": 227.5544923127612,
            "min": 0.0031,
            "med": 0.011302,
            "max": 11515.592025,
            "p(90)": 1069.1577333
        },
        "vus": {
            "value": 1,
            "min": 1,
            "max": 1000
        },
        "data_sent": {
            "count": 392697553,
            "rate": 6815050.544049151
        },
        "http_req_failed": {
            "passes": 19,
            "fails": 3805,
            "thresholds": {
                "rate<0.01": false
            },
            "value": 0.004968619246861925
        },
        "checks": {
            "passes": 3805,
            "fails": 19,
            "value": 0.9950313807531381
        },
        "data_received": {
            "count": 955055,
            "rate": 16574.455449552705
        },
        "http_req_tls_handshaking": {
            "avg": 0,
            "min": 0,
            "med": 0,
            "max": 0,
            "p(90)": 0,
            "p(95)": 0
        },
        "http_req_duration{expected_response:true}": {
            "avg": 7867.578625992643,
            "min": 166.91572,
            "med": 6732.632985,
            "max": 54732.652447,
            "p(90)": 14886.324786199999,
            "p(95)": 18695.254747599996
        },
        "iterations": {
            "count": 3824,
            "rate": 66.36342162397929
        },
        "vus_max": {
            "value": 1000,
            "min": 253,
            "max": 1000
        },
        "dropped_iterations": {
            "count": 296172,
            "rate": 5139.902539021233
        },
        "http_req_receiving": {
            "avg": 0.3854870638075314,
            "min": 0,
            "med": 0.110013,
            "max": 31.029554,
            "p(90)": 0.24379800000000001,
            "p(95)": 1.3459581999999994
        },
        "http_req_connecting": {
            "min": 0,
            "med": 0,
            "max": 11515.360098,
            "p(90)": 1069.0287074000003,
            "p(95)": 1304.7057695999997,
            "avg": 227.31637554968628
        },
        "http_req_waiting": {
            "avg": 6978.6316742058,
            "min": 9.546759,
            "med": 6006.54824,
            "max": 54731.092559,
            "p(90)": 13362.8554049,
            "p(95)": 16489.1405394
        },
        "iteration_duration": {
            "max": 54746.536272,
            "p(90)": 15288.087785000002,
            "p(95)": 19284.477468549994,
            "avg": 8094.419446816937,
            "min": 195.502465,
            "med": 6922.335631
        },
        "http_reqs": {
            "count": 3824,
            "rate": 66.36342162397929
        },
        "http_req_sending": {
            "avg": 879.2588941639648,
            "min": 0.072109,
            "med": 0.31438900000000003,
            "max": 45908.958882,
            "p(90)": 2999.5433658000015,
            "p(95)": 5575.495495649999
        },
        "http_req_duration": {
            "min": 166.91572,
            "med": 6679.928307,
            "max": 54732.652447,
            "p(90)": 14864.408434100003,
            "p(95)": 18679.825352399992,
            "avg": 7858.276055433578,
            "thresholds": {
                "p(95)<2000": true
            }
        }
    }
}