{
    "metrics": {
        "iteration_duration": {
            "p(90)": 4391.386707,
            "p(95)": 6079.434880799999,
            "avg": 2837.012202253963,
            "min": 82.110732,
            "med": 2618.267505,
            "max": 14791.895473
        },
        "http_req_blocked": {
            "avg": 9.815979773075087,
            "min": 0.0022,
            "med": 0.006301,
            "max": 1777.669912,
            "p(90)": 0.0956898000000003,
            "p(95)": 31.87746519999995
        },
        "data_sent": {
            "count": 108721559,
            "rate": 3489652.2675397485
        },
        "vus": {
            "value": 171,
            "min": 171,
            "max": 1000
        },
        "http_req_tls_handshaking": {
            "max": 0,
            "p(90)": 0,
            "p(95)": 0,
            "avg": 0,
            "min": 0,
            "med": 0
        },
        "http_req_receiving": {
            "avg": 0.591298226634383,
            "min": 0,
            "med": 0.052507,
            "max": 79.665919,
            "p(90)": 0.14492059999999998,
            "p(95)": 0.2845522
        },
        "checks": {
            "passes": 10313,
            "fails": 12,
            "value": 0.9988377723970945
        },
        "http_reqs": {
            "count": 10325,
            "rate": 331.40308135526186
        },
        "http_req_duration{expected_response:true}": {
            "avg": 2821.9270076761354,
            "min": 65.630734,
            "med": 2608.559244,
            "max": 14776.418805,
            "p(90)": 4354.599135200003,
            "p(95)": 6080.028627999997
        },
        "iterations": {
            "count": 10325,
            "rate": 331.40308135526186
        },
        "data_received": {
            "count": 2588563,
            "rate": 83085.49680215212
        },
        "http_req_connecting": {
            "p(95)": 31.727035999999945,
            "avg": 9.744139272929782,
            "min": 0,
            "med": 0,
            "max": 1777.597902,
            "p(90)": 0
        },
        "http_req_sending": {
            "min": 0.039207,
            "med": 0.154122,
            "max": 110.197096,
            "p(90)": 0.5004314000000001,
            "p(95)": 2.1324535999999927,
            "avg": 0.8807910562711896
        },
        "http_req_failed": {
            "passes": 12,
            "fails": 10313,
            "thresholds": {
                "rate<0.01": false
            },
            "value": 0.001162227602905569
        },
        "dropped_iterations": {
            "count": 589663,
            "rate": 18926.50219478816
        },
        "http_req_duration": {
            "p(95)": 6078.706619999998,
            "avg": 2825.0673432053263,
            "min": 28.176267,
            "med": 2610.729448,
            "max": 14776.418805,
            "p(90)": 4384.7464532,
            "thresholds": {
                "p(95)<2000": true
            }
        },
        "vus_max": {
            "value": 1000,
            "min": 468,
            "max": 1000
        },
        "http_req_waiting": {
            "avg": 2823.5952539224177,
            "min": 28.096551,
            "med": 2610.109962,
            "max": 14776.254881,
            "p(90)": 4383.1076782,
            "p(95)": 6078.478671199998
        }
    },
    "root_group": {
        "path": "",
        "id": "d41d8cd98f00b204e9800998ecf8427e",
        "groups": {},
        "checks": {
                "status is 202": {
                    "name": "status is 202",
                    "path": "::status is 202",
                    "id": "34a6d451b2be8259be22b1a5c2a715cf",
                    "passes": 10313,
                    "fails": 12
                }
            },
        "name": ""
    }
}