{
    "metrics": {
        "http_req_receiving": {
            "p(95)": 0.14099579999999992,
            "avg": 0.07761372115981091,
            "min": 0,
            "med": 0.036402,
            "max": 53.198067,
            "p(90)": 0.11279360000000001
        },
        "data_sent": {
            "count": 9633861,
            "rate": 315943.40365358564
        },
        "http_req_duration": {
            "avg": 723.6403544907062,
            "min": 0,
            "med": 626.023721,
            "max": 9269.810371,
            "p(90)": 1358.4527042,
            "p(95)": 1832.4577462999996,
            "thresholds": {
                "p(95)<2000": false
            }
        },
        "dropped_iterations": {
            "count": 413279,
            "rate": 13553.524793283837
        },
        "http_req_tls_handshaking": {
            "min": 0,
            "med": 0,
            "max": 0,
            "p(90)": 0,
            "p(95)": 0,
            "avg": 0
        },
        "vus": {
            "min": 640,
            "max": 1000,
            "value": 1000
        },
        "http_req_connecting": {
            "p(95)": 0,
            "avg": 1.0367353417127458,
            "min": 0,
            "med": 0,
            "max": 131.625028,
            "p(90)": 0
        },
        "http_req_waiting": {
            "p(90)": 1358.3905664000001,
            "p(95)": 1832.1541163999998,
            "avg": 723.3191375618604,
            "min": 0,
            "med": 625.720144,
            "max": 9269.659383
        },
        "http_req_sending": {
            "min": 0,
            "med": 0.015199,
            "max": 98.936944,
            "p(90)": 0.07560039999999998,
            "p(95)": 0.15375209999999914,
            "avg": 0.24360320768711854
        },
        "vus_max": {
            "value": 1000,
            "min": 640,
            "max": 1000
        },
        "http_req_failed": {
            "passes": 13728,
            "fails": 23347,
            "thresholds": {
                "rate<0.01": true
            },
            "value": 0.37027646662171276
        },
        "http_req_blocked": {
            "p(90)": 0.007207,
            "p(95)": 0.009399,
            "avg": 1.1012698103843106,
            "min": 0,
            "med": 0.003699,
            "max": 195.853826
        },
        "iteration_duration": {
            "max": 9355.006503,
            "p(90)": 1358.8870034,
            "p(95)": 1832.6092952999993,
            "avg": 793.8859227532872,
            "min": 3.187612,
            "med": 626.626366
        },
        "http_reqs": {
            "count": 37075,
            "rate": 1215.8782123238739
        },
        "http_req_duration{expected_response:true}": {
            "p(95)": 3601.4916226000005,
            "avg": 1149.1397671111035,
            "min": 136.072408,
            "med": 863.946205,
            "max": 9269.810371,
            "p(90)": 1743.3684580000004
        },
        "data_received": {
            "count": 5860097,
            "rate": 192182.44812958856
        },
        "iterations": {
            "count": 37075,
            "rate": 1215.8782123238739
        },
        "checks": {
            "passes": 23347,
            "fails": 13728,
            "value": 0.6297235333782872
        }
    },
    "root_group": {
        "id": "d41d8cd98f00b204e9800998ecf8427e",
        "groups": {},
        "checks": {
                "status is 202": {
                    "name": "status is 202",
                    "path": "::status is 202",
                    "id": "34a6d451b2be8259be22b1a5c2a715cf",
                    "passes": 23347,
                    "fails": 13728
                }
            },
        "name": "",
        "path": ""
    }
}