{
    "metrics": {
        "data_sent": {
            "count": 159138616,
            "rate": 5159636.946220945
        },
        "vus_max": {
            "value": 1000,
            "min": 384,
            "max": 1000
        },
        "dropped_iterations": {
            "rate": 4373.214545344039,
            "count": 134883
        },
        "http_req_connecting": {
            "avg": 8.567797270146885,
            "min": 0,
            "med": 0,
            "max": 1209.406856,
            "p(90)": 0,
            "p(95)": 40.98448184999999
        },
        "checks": {
            "passes": 15114,
            "fails": 0,
            "value": 1
        },
        "iteration_duration": {
            "avg": 1907.8552854347624,
            "min": 122.20539,
            "med": 1788.713943,
            "max": 4850.595522,
            "p(90)": 2662.6417302000013,
            "p(95)": 2908.0359707999996
        },
        "vus": {
            "min": 383,
            "max": 1000,
            "value": 1000
        },
        "http_req_receiving": {
            "avg": 0.5456690338758734,
            "min": -2.826383,
            "med": 0.066011,
            "max": 96.868929,
            "p(90)": 0.14798010000000003,
            "p(95)": 0.23660784999999945
        },
        "http_req_blocked": {
            "min": 0.0018,
            "med": 0.007001,
            "max": 1278.809185,
            "p(90)": 0.012808700000000001,
            "p(95)": 42.87211765,
            "avg": 8.642473512571145
        },
        "data_received": {
            "count": 3793614,
            "rate": 122997.61959787951
        },
        "http_req_duration": {
            "max": 4700.792045,
            "p(90)": 2637.4931363,
            "p(95)": 2901.26181805,
            "avg": 1896.9896707209182,
            "min": 85.532011,
            "med": 1787.8246955,
            "thresholds": {
                "p(95)<2000": true
            }
        },
        "http_req_waiting": {
            "p(95)": 2899.65089845,
            "avg": 1895.6656970743707,
            "min": 80.313674,
            "med": 1787.534201,
            "max": 4700.22989,
            "p(90)": 2636.7451753
        },
        "iterations": {
            "count": 15114,
            "rate": 490.0303569636634
        },
        "http_req_sending": {
            "avg": 0.778304612676984,
            "min": 0.044407,
            "med": 0.177517,
            "max": 121.217132,
            "p(90)": 0.5382085000000016,
            "p(95)": 2.225567099999986
        },
        "http_req_failed": {
            "fails": 15114,
            "passes": 0,
            "thresholds": {
                "rate<0.01": false
            },
            "value": 0
        },
        "http_reqs": {
            "count": 15114,
            "rate": 490.0303569636634
        },
        "http_req_duration{expected_response:true}": {
            "p(90)": 2637.4931363,
            "p(95)": 2901.26181805,
            "avg": 1896.9896707209182,
            "min": 85.532011,
            "med": 1787.8246955,
            "max": 4700.792045
        },
        "http_req_tls_handshaking": {
            "avg": 0,
            "min": 0,
            "med": 0,
            "max": 0,
            "p(90)": 0,
            "p(95)": 0
        }
    },
    "root_group": {
        "name": "",
        "path": "",
        "id": "d41d8cd98f00b204e9800998ecf8427e",
        "groups": {},
        "checks": {
                "status is 202": {
                    "path": "::status is 202",
                    "id": "34a6d451b2be8259be22b1a5c2a715cf",
                    "passes": 15114,
                    "fails": 0,
                    "name": "status is 202"
                }
            }
    }
}