{
    "root_group": {
        "name": "",
        "path": "",
        "id": "d41d8cd98f00b204e9800998ecf8427e",
        "groups": {},
        "checks": {
                "status is 202": {
                    "id": "34a6d451b2be8259be22b1a5c2a715cf",
                    "passes": 18038,
                    "fails": 4709,
                    "name": "status is 202",
                    "path": "::status is 202"
                }
            }
    },
    "metrics": {
        "vus": {
            "value": 1,
            "min": 1,
            "max": 1000
        },
        "http_reqs": {
            "count": 22747,
            "rate": 553.9087948654309
        },
        "data_sent": {
            "count": 23656823,
            "rate": 576063.7586615733
        },
        "http_req_failed": {
            "passes": 4709,
            "fails": 18038,
            "thresholds": {
                "rate<0.01": true
            },
            "value": 0.20701630984305622
        },
        "dropped_iterations": {
            "count": 7255,
            "rate": 176.66541991245884
        },
        "iterations": {
            "count": 22747,
            "rate": 553.9087948654309
        },
        "http_req_duration": {
            "avg": 815.867298999558,
            "min": 0,
            "med": 817.24421,
            "max": 9033.507932,
            "p(90)": 1084.9790202000001,
            "p(95)": 1392.5482815000003,
            "thresholds": {
                "p(95)<2000": false
            }
        },
        "data_received": {
            "count": 4527538,
            "rate": 110249.40068085652
        },
        "iteration_duration": {
            "avg": 1236.694041783886,
            "min": 1.834339,
            "med": 825.262537,
            "max": 30035.298822,
            "p(90)": 1104.4294076,
            "p(95)": 1671.3042209000002
        },
        "http_req_sending": {
            "p(95)": 0.1375810000000001,
            "avg": 0.06949358750604502,
            "min": 0,
            "med": 0.041604,
            "max": 53.893793,
            "p(90)": 0.093507
        },
        "http_req_receiving": {
            "p(90)": 0.1650124,
            "p(95)": 0.212116,
            "avg": 0.11041950169253023,
            "min": -1.78422,
            "med": 0.086006,
            "max": 34.400412
        },
        "http_req_blocked": {
            "p(95)": 0.023872000000000074,
            "avg": 0.7619838740932745,
            "min": 0,
            "med": 0.007201,
            "max": 260.132455,
            "p(90)": 0.0107
        },
        "http_req_waiting": {
            "avg": 815.6873859103637,
            "min": 0,
            "med": 817.085439,
            "max": 9033.093801,
            "p(90)": 1084.7577594,
            "p(95)": 1392.3117439000002
        },
        "vus_max": {
            "value": 1000,
            "min": 219,
            "max": 1000
        },
        "http_req_duration{expected_response:true}": {
            "med": 878.8469615,
            "max": 9033.507932,
            "p(90)": 1127.8540755000004,
            "p(95)": 1644.8182746499997,
            "avg": 1028.8576034118498,
            "min": 60.516992
        },
        "http_req_connecting": {
            "avg": 0.7431707739921737,
            "min": 0,
            "med": 0,
            "max": 259.879536,
            "p(90)": 0,
            "p(95)": 0
        },
        "http_req_tls_handshaking": {
            "avg": 0,
            "min": 0,
            "med": 0,
            "max": 0,
            "p(90)": 0,
            "p(95)": 0
        },
        "checks": {
            "passes": 18038,
            "fails": 4709,
            "value": 0.7929836901569438
        }
    }
}