{
    "root_group": {
        "name": "",
        "path": "",
        "id": "d41d8cd98f00b204e9800998ecf8427e",
        "groups": {},
        "checks": {
                "status is 202": {
                    "fails": 17193,
                    "name": "status is 202",
                    "path": "::status is 202",
                    "id": "34a6d451b2be8259be22b1a5c2a715cf",
                    "passes": 9502
                }
            }
    },
    "metrics": {
        "vus": {
            "value": 274,
            "min": 251,
            "max": 1000
        },
        "data_sent": {
            "rate": 395211.60144950903,
            "count": 12458871
        },
        "checks": {
            "passes": 9502,
            "fails": 17193,
            "value": 0.35594680651807453
        },
        "dropped_iterations": {
            "count": 3306,
            "rate": 104.87062225719143
        },
        "http_reqs": {
            "count": 26695,
            "rate": 846.80013949054
        },
        "http_req_receiving": {
            "p(95)": 0.1521123,
            "avg": 0.0433037847162391,
            "min": -3.312317,
            "med": 0,
            "max": 26.485953,
            "p(90)": 0.118609
        },
        "http_req_duration": {
            "avg": 763.7061113120819,
            "min": 0,
            "med": 0,
            "max": 13965.912568,
            "p(90)": 2052.5502361999997,
            "p(95)": 2669.0813061999997,
            "thresholds": {
                "p(95)<2000": true
            }
        },
        "iterations": {
            "count": 26695,
            "rate": 846.80013949054
        },
        "http_req_connecting": {
            "avg": 1.3627446509833334,
            "min": 0,
            "med": 0,
            "max": 508.04724,
            "p(90)": 0,
            "p(95)": 0
        },
        "http_req_waiting": {
            "avg": 763.6290182543534,
            "min": 0,
            "med": 0,
            "max": 13965.613346,
            "p(90)": 2052.3474190000006,
            "p(95)": 2668.6222294
        },
        "data_received": {
            "count": 2385002,
            "rate": 75655.36715809016
        },
        "vus_max": {
            "value": 1000,
            "min": 252,
            "max": 1000
        },
        "http_req_duration{expected_response:true}": {
            "avg": 2145.5624754237033,
            "min": 63.509135,
            "med": 1575.353564,
            "max": 13965.912568,
            "p(90)": 3000.0448063,
            "p(95)": 8278.965266699997
        },
        "http_req_failed": {
            "passes": 17193,
            "fails": 9502,
            "thresholds": {
                "rate<0.01": true
            },
            "value": 0.6440531934819255
        },
        "http_req_blocked": {
            "p(90)": 0.009501,
            "p(95)": 0.012330999999999927,
            "avg": 1.3748019138415404,
            "min": 0,
            "med": 0,
            "max": 508.094543
        },
        "http_req_sending": {
            "avg": 0.033789273009926984,
            "min": 0,
            "med": 0,
            "max": 17.505625,
            "p(90)": 0.071405,
            "p(95)": 0.106508
        },
        "iteration_duration": {
            "p(95)": 2669.3185564999994,
            "avg": 890.2663786077519,
            "min": 1.575828,
            "med": 274.827823,
            "max": 13988.082897,
            "p(90)": 2052.7484914
        },
        "http_req_tls_handshaking": {
            "avg": 0,
            "min": 0,
            "med": 0,
            "max": 0,
            "p(90)": 0,
            "p(95)": 0
        }
    }
}