{
    "root_group": {
        "name": "",
        "path": "",
        "id": "d41d8cd98f00b204e9800998ecf8427e",
        "groups": {},
        "checks": {
                "status is 202": {
                    "name": "status is 202",
                    "path": "::status is 202",
                    "id": "34a6d451b2be8259be22b1a5c2a715cf",
                    "passes": 17199,
                    "fails": 11171
                }
            }
    },
    "metrics": {
        "http_req_sending": {
            "p(95)": 0.112511,
            "avg": 0.05508588456115589,
            "min": 0,
            "med": 0.022702,
            "max": 22.791749,
            "p(90)": 0.085907
        },
        "http_req_connecting": {
            "avg": 2.5264677859005977,
            "min": 0,
            "med": 0,
            "max": 507.607532,
            "p(90)": 0,
            "p(95)": 0
        },
        "http_req_receiving": {
            "p(90)": 0.126313,
            "p(95)": 0.1512141,
            "avg": 0.07257401335918229,
            "min": 0,
            "med": 0.058805,
            "max": 24.583155
        },
        "iteration_duration": {
            "p(95)": 1333.2101508,
            "avg": 1095.0492039799499,
            "min": 5.482896,
            "med": 588.2534235,
            "max": 30018.498179,
            "p(90)": 969.5173789000005
        },
        "iterations": {
            "count": 28370,
            "rate": 681.6343549359791
        },
        "http_req_duration{expected_response:true}": {
            "avg": 936.5697979780787,
            "min": 73.227399,
            "med": 639.646823,
            "max": 12008.789729,
            "p(90)": 1163.8607062,
            "p(95)": 1357.7761848999999
        },
        "checks": {
            "fails": 11171,
            "passes": 17199,
            "value": 0.6062389848431442
        },
        "http_req_duration": {
            "min": 0,
            "med": 578.5856635,
            "max": 12008.789729,
            "p(90)": 940.1052974000002,
            "p(95)": 1232.2022532999986,
            "avg": 567.7851235609791,
            "thresholds": {
                "p(95)<2000": false
            }
        },
        "vus": {
            "value": 34,
            "min": 34,
            "max": 1000
        },
        "http_req_failed": {
            "passes": 11171,
            "fails": 17199,
            "thresholds": {
                "rate<0.01": true
            },
            "value": 0.39376101515685585
        },
        "vus_max": {
            "min": 438,
            "max": 1000,
            "value": 1000
        },
        "http_req_blocked": {
            "avg": 2.540604009975319,
            "min": 0,
            "med": 0.0047,
            "max": 512.657597,
            "p(90)": 0.008701,
            "p(95)": 0.010201
        },
        "data_sent": {
            "count": 22556826,
            "rate": 541963.6073286261
        },
        "dropped_iterations": {
            "count": 121628,
            "rate": 2922.3060740977535
        },
        "http_req_tls_handshaking": {
            "p(90)": 0,
            "p(95)": 0,
            "avg": 0,
            "min": 0,
            "med": 0,
            "max": 0
        },
        "http_req_waiting": {
            "p(90)": 939.9157996,
            "p(95)": 1231.855387149999,
            "avg": 567.6574636630597,
            "min": 0,
            "med": 578.4159995,
            "max": 12008.655118
        },
        "data_received": {
            "count": 4316949,
            "rate": 103721.56316202045
        },
        "http_reqs": {
            "rate": 681.6343549359791,
            "count": 28370
        }
    }
}