{
    "root_group": {
        "id": "d41d8cd98f00b204e9800998ecf8427e",
        "groups": {},
        "checks": {
                "status is 202": {
                    "name": "status is 202",
                    "path": "::status is 202",
                    "id": "34a6d451b2be8259be22b1a5c2a715cf",
                    "passes": 14058,
                    "fails": 14864
                }
            },
        "name": "",
        "path": ""
    },
    "metrics": {
        "http_req_duration": {
            "avg": 541.4031104107943,
            "min": 0,
            "med": 0,
            "max": 12655.728452,
            "p(90)": 1032.9835769000001,
            "p(95)": 1254.3009472999995,
            "thresholds": {
                "p(95)<2000": false
            }
        },
        "http_req_failed": {
            "passes": 14864,
            "fails": 14058,
            "thresholds": {
                "rate<0.01": true
            },
            "value": 0.5139340294585437
        },
        "dropped_iterations": {
            "count": 421081,
            "rate": 9602.190878318455
        },
        "iterations": {
            "count": 28922,
            "rate": 659.5276552082055
        },
        "data_received": {
            "count": 3528558,
            "rate": 80464.06140675455
        },
        "http_reqs": {
            "count": 28922,
            "rate": 659.5276552082055
        },
        "http_req_sending": {
            "avg": 0.06497607250535933,
            "min": 0,
            "med": 0,
            "max": 32.909685,
            "p(90)": 0.074406,
            "p(95)": 0.1033029999999997
        },
        "http_req_waiting": {
            "max": 12654.070824,
            "p(90)": 1032.8211737000001,
            "p(95)": 1253.0516144999995,
            "avg": 541.2687651858479,
            "min": 0,
            "med": 0
        },
        "http_req_blocked": {
            "min": 0,
            "med": 0,
            "max": 19456.133162,
            "p(90)": 0.008601,
            "p(95)": 0.0103,
            "avg": 21.860277117903507
        },
        "data_sent": {
            "count": 18451874,
            "rate": 420770.3890954032
        },
        "vus": {
            "max": 1000,
            "value": 3,
            "min": 3
        },
        "vus_max": {
            "value": 1000,
            "min": 476,
            "max": 1000
        },
        "http_req_connecting": {
            "avg": 21.837963944263887,
            "min": 0,
            "med": 0,
            "max": 19455.563618,
            "p(90)": 0,
            "p(95)": 0
        },
        "iteration_duration": {
            "p(95)": 1298.5711379999993,
            "avg": 1074.9166802475227,
            "min": 1.683331,
            "med": 569.973788,
            "max": 30034.917488,
            "p(90)": 1059.5478326
        },
        "http_req_tls_handshaking": {
            "avg": 0,
            "min": 0,
            "med": 0,
            "max": 0,
            "p(90)": 0,
            "p(95)": 0
        },
        "http_req_duration{expected_response:true}": {
            "min": 75.958388,
            "med": 830.847115,
            "max": 12655.728452,
            "p(90)": 1260.7823233,
            "p(95)": 1615.5788923499997,
            "avg": 1113.846973915279
        },
        "http_req_receiving": {
            "avg": 0.06936915244450592,
            "min": 0,
            "med": 0,
            "max": 15.45373,
            "p(90)": 0.12841,
            "p(95)": 0.16340704999999972
        },
        "checks": {
            "fails": 14864,
            "passes": 14058,
            "value": 0.48606597054145634
        }
    }
}