{
    "root_group": {
        "checks": {
            "status is 202": {
                "passes": 5381,
                "fails": 21944,
                "name": "status is 202",
                "path": "::status is 202",
                "id": "34a6d451b2be8259be22b1a5c2a715cf"
            }
        },
        "name": "",
        "path": "",
        "id": "d41d8cd98f00b204e9800998ecf8427e",
        "groups": {}
    },
    "metrics": {
        "http_req_tls_handshaking": {
            "p(90)": 0,
            "p(95)": 0,
            "avg": 0,
            "min": 0,
            "med": 0,
            "max": 0
        },
        "checks": {
            "fails": 21944,
            "passes": 5381,
            "value": 0.19692589204025618
        },
        "iteration_duration": {
            "avg": 854.654418914363,
            "min": 1.872842,
            "med": 314.536942,
            "max": 30007.297589,
            "p(90)": 1000.5766944000001,
            "p(95)": 2491.6513879999998
        },
        "data_received": {
            "count": 1350631,
            "rate": 23508.47471972743
        },
        "http_req_connecting": {
            "avg": 0.6080958631290033,
            "min": 0,
            "med": 0,
            "max": 154.694209,
            "p(90)": 0,
            "p(95)": 0
        },
        "dropped_iterations": {
            "count": 2676,
            "rate": 46.57725044811692
        },
        "http_req_failed": {
            "fails": 5381,
            "passes": 21944,
            "thresholds": {
                "rate<0.01": true
            },
            "value": 0.8030741079597439
        },
        "http_req_duration{expected_response:true}": {
            "p(90)": 5667.258872,
            "p(95)": 9283.729544,
            "avg": 2165.776576503816,
            "min": 65.580428,
            "med": 949.368858,
            "max": 20090.016157
        },
        "vus": {
            "value": 7,
            "min": 7,
            "max": 1000
        },
        "http_req_duration": {
            "avg": 477.3431672333757,
            "min": 0,
            "med": 0,
            "max": 20090.016157,
            "p(90)": 980.4419904000003,
            "p(95)": 2184.5542311999993,
            "thresholds": {
                "p(95)<2000": true
            }
        },
        "http_reqs": {
            "count": 27325,
            "rate": 475.606639945738
        },
        "http_req_blocked": {
            "min": 0,
            "med": 0,
            "max": 154.809018,
            "p(90)": 0.008500600000000002,
            "p(95)": 0.010701,
            "avg": 0.6207191308325699
        },
        "vus_max": {
            "value": 1000,
            "min": 235,
            "max": 1000
        },
        "http_req_sending": {
            "avg": 0.0191097578042086,
            "min": 0,
            "med": 0,
            "max": 16.183911,
            "p(90)": 0.058204,
            "p(95)": 0.076405
        },
        "http_req_waiting": {
            "med": 0,
            "max": 20089.553822,
            "p(90)": 980.0976036000003,
            "p(95)": 2184.441562199999,
            "avg": 477.2996001766136,
            "min": 0
        },
        "http_req_receiving": {
            "p(90)": 0.08836640000000022,
            "p(95)": 0.124609,
            "avg": 0.02445729895699911,
            "min": 0,
            "med": 0,
            "max": 17.625225
        },
        "data_sent": {
            "count": 2306408,
            "rate": 40144.29859923036
        },
        "iterations": {
            "count": 27325,
            "rate": 475.606639945738
        }
    }
}