{
    "root_group": {
        "name": "",
        "path": "",
        "id": "d41d8cd98f00b204e9800998ecf8427e",
        "groups": {},
        "checks": {
                "status is 202": {
                    "name": "status is 202",
                    "path": "::status is 202",
                    "id": "34a6d451b2be8259be22b1a5c2a715cf",
                    "passes": 20906,
                    "fails": 5
                }
            }
    },
    "metrics": {
        "vus_max": {
            "value": 1000,
            "min": 310,
            "max": 1000
        },
        "http_req_duration": {
            "med": 1232.018229,
            "max": 7815.305786,
            "p(90)": 1989.613675,
            "p(95)": 2494.6074375,
            "avg": 1338.8570228182316,
            "min": 101.822001,
            "thresholds": {
                "p(95)<2000": true
            }
        },
        "http_req_receiving": {
            "max": 178.261636,
            "p(90)": 0.420868,
            "p(95)": 9.235676000000002,
            "avg": 3.5713282442733463,
            "min": 0,
            "med": 0.04111
        },
        "iterations": {
            "count": 20911,
            "rate": 671.235594006306
        },
        "checks": {
            "passes": 20906,
            "fails": 5,
            "value": 0.9997608913968724
        },
        "http_reqs": {
            "count": 20911,
            "rate": 671.235594006306
        },
        "dropped_iterations": {
            "rate": 13773.474480139439,
            "count": 429085
        },
        "http_req_tls_handshaking": {
            "avg": 0,
            "min": 0,
            "med": 0,
            "max": 0,
            "p(90)": 0,
            "p(95)": 0
        },
        "iteration_duration": {
            "med": 1243.135198,
            "max": 8094.925985,
            "p(90)": 2002.028829,
            "p(95)": 2528.9837165,
            "avg": 1354.9160196870982,
            "min": 102.166256
        },
        "vus": {
            "value": 1,
            "min": 1,
            "max": 1000
        },
        "http_req_failed": {
            "passes": 5,
            "fails": 20906,
            "thresholds": {
                "rate<0.01": false
            },
            "value": 0.00023910860312754053
        },
        "http_req_duration{expected_response:true}": {
            "avg": 1337.7355106916211,
            "min": 101.822001,
            "med": 1231.8754625000001,
            "max": 7815.305786,
            "p(90)": 1987.701318,
            "p(95)": 2486.2679532499997
        },
        "http_req_connecting": {
            "max": 3083.691398,
            "p(90)": 0,
            "p(95)": 0,
            "avg": 8.788777510401225,
            "min": 0,
            "med": 0
        },
        "data_received": {
            "count": 5247406,
            "rate": 168439.84904606448
        },
        "http_req_waiting": {
            "med": 1224.648623,
            "max": 7809.045422,
            "p(90)": 1984.522322,
            "p(95)": 2489.08608,
            "avg": 1331.9772698836955,
            "min": 101.613168
        },
        "data_sent": {
            "count": 220201282,
            "rate": 7068382.111052561
        },
        "http_req_blocked": {
            "min": 0.0022,
            "med": 0.006,
            "max": 3083.804312,
            "p(90)": 0.012502,
            "p(95)": 0.606349,
            "avg": 8.876819885993084
        },
        "http_req_sending": {
            "max": 181.593994,
            "p(90)": 4.678251,
            "p(95)": 18.364502,
            "avg": 3.3084246902586916,
            "min": 0.035706,
            "med": 0.135533
        }
    }
}