{
    "metrics": {
        "data_sent": {
            "count": 20043738,
            "rate": 465385.6668595213
        },
        "vus": {
            "min": 2,
            "max": 1000,
            "value": 2
        },
        "http_req_connecting": {
            "min": 0,
            "med": 0,
            "max": 299.720907,
            "p(90)": 0,
            "p(95)": 0,
            "avg": 0.8801107773119599
        },
        "http_req_tls_handshaking": {
            "med": 0,
            "max": 0,
            "p(90)": 0,
            "p(95)": 0,
            "avg": 0,
            "min": 0
        },
        "http_req_duration{expected_response:true}": {
            "avg": 979.5195282226422,
            "min": 52.531293,
            "med": 684.701067,
            "max": 11602.254076,
            "p(90)": 1150.632571,
            "p(95)": 1673.6742
        },
        "http_req_waiting": {
            "p(90)": 964.2167086000002,
            "p(95)": 1181.8954967999998,
            "avg": 526.8529789955269,
            "min": 0,
            "med": 562.727356,
            "max": 11601.584622
        },
        "checks": {
            "passes": 15271,
            "fails": 13114,
            "value": 0.5379954201162586
        },
        "iteration_duration": {
            "med": 578.792712,
            "max": 30055.138573,
            "p(90)": 998.7782456000006,
            "p(95)": 1439.139263,
            "avg": 1090.8991870558082,
            "min": 2.651407
        },
        "http_req_duration": {
            "avg": 526.9770200982198,
            "min": 0,
            "med": 562.90647,
            "max": 11602.254076,
            "p(90)": 964.5362920000003,
            "p(95)": 1182.4352805999997,
            "thresholds": {
                "p(95)<2000": false
            }
        },
        "http_req_receiving": {
            "avg": 0.07129070498502728,
            "min": 0,
            "med": 0.042503,
            "max": 24.492848,
            "p(90)": 0.13351,
            "p(95)": 0.172013
        },
        "vus_max": {
            "min": 454,
            "max": 1000,
            "value": 1000
        },
        "dropped_iterations": {
            "rate": 13272.023540531134,
            "count": 571614
        },
        "http_req_blocked": {
            "p(90)": 0.0089,
            "p(95)": 0.010601,
            "avg": 0.8981857170336303,
            "min": 0,
            "med": 0.004,
            "max": 299.746209
        },
        "http_req_sending": {
            "med": 0.016401,
            "max": 25.541895,
            "p(90)": 0.076606,
            "p(95)": 0.1079088,
            "avg": 0.052750397710058294,
            "min": 0
        },
        "http_req_failed": {
            "passes": 13114,
            "fails": 15271,
            "thresholds": {
                "rate<0.01": true
            },
            "value": 0.46200457988374144
        },
        "iterations": {
            "rate": 659.0573152476605,
            "count": 28385
        },
        "http_reqs": {
            "count": 28385,
            "rate": 659.0573152476605
        },
        "data_received": {
            "count": 3833021,
            "rate": 88997.02411653701
        }
    },
    "root_group": {
        "name": "",
        "path": "",
        "id": "d41d8cd98f00b204e9800998ecf8427e",
        "groups": {},
        "checks": {
                "status is 202": {
                    "name": "status is 202",
                    "path": "::status is 202",
                    "id": "34a6d451b2be8259be22b1a5c2a715cf",
                    "passes": 15271,
                    "fails": 13114
                }
            }
    }
}