{
    "root_group": {
        "name": "",
        "path": "",
        "id": "d41d8cd98f00b204e9800998ecf8427e",
        "groups": {},
        "checks": {
                "status is 202": {
                    "name": "status is 202",
                    "path": "::status is 202",
                    "id": "34a6d451b2be8259be22b1a5c2a715cf",
                    "passes": 14132,
                    "fails": 16157
                }
            }
    },
    "metrics": {
        "vus": {
            "value": 1000,
            "min": 476,
            "max": 1000
        },
        "vus_max": {
            "max": 1000,
            "value": 1000,
            "min": 476
        },
        "http_req_connecting": {
            "avg": 6.140726326983394,
            "min": 0,
            "med": 0,
            "max": 395.919231,
            "p(90)": 0,
            "p(95)": 0
        },
        "checks": {
            "passes": 14132,
            "fails": 16157,
            "value": 0.46657202284657795
        },
        "iteration_duration": {
            "p(90)": 1311.6617292,
            "p(95)": 1482.794612799999,
            "avg": 966.0079276019377,
            "min": 1.675825,
            "med": 569.164709,
            "max": 23271.285909
        },
        "http_req_duration": {
            "avg": 834.9375876942785,
            "min": 0,
            "med": 0,
            "max": 22910.43698,
            "p(90)": 1311.2198718000002,
            "p(95)": 1480.6570011999988,
            "thresholds": {
                "p(95)<2000": false
            }
        },
        "data_received": {
            "count": 3547132,
            "rate": 114933.56457224359
        },
        "http_req_waiting": {
            "p(90)": 1311.0227909999999,
            "p(95)": 1480.4076031999991,
            "avg": 834.8297210841869,
            "min": 0,
            "med": 0,
            "max": 22910.269168
        },
        "http_req_tls_handshaking": {
            "max": 0,
            "p(90)": 0,
            "p(95)": 0,
            "avg": 0,
            "min": 0,
            "med": 0
        },
        "iterations": {
            "count": 30289,
            "rate": 981.4189991600781
        },
        "http_reqs": {
            "count": 30289,
            "rate": 981.4189991600781
        },
        "http_req_blocked": {
            "p(90)": 0.008401,
            "p(95)": 0.011201,
            "avg": 6.17161000633891,
            "min": 0,
            "med": 0,
            "max": 397.099518
        },
        "http_req_failed": {
            "passes": 16157,
            "fails": 14132,
            "thresholds": {
                "rate<0.01": true
            },
            "value": 0.533427977153422
        },
        "http_req_duration{expected_response:true}": {
            "avg": 1789.5149019015,
            "min": 59.041892,
            "med": 1047.3515265,
            "max": 22910.43698,
            "p(90)": 1501.0783483999999,
            "p(95)": 7747.741563799998
        },
        "http_req_receiving": {
            "p(95)": 0.150011,
            "avg": 0.0572399890059098,
            "min": 0,
            "med": 0,
            "max": 16.63851,
            "p(90)": 0.122209
        },
        "data_sent": {
            "count": 5843989,
            "rate": 189355.93236760888
        },
        "dropped_iterations": {
            "count": 269707,
            "rate": 8739.000099259374
        },
        "http_req_sending": {
            "avg": 0.05062662108356187,
            "min": 0,
            "med": 0,
            "max": 23.426697,
            "p(90)": 0.0754052,
            "p(95)": 0.11106839999999986
        }
    }
}