{
    "metrics": {
        "http_req_duration{expected_response:true}": {
            "p(90)": 1441.598841,
            "p(95)": 1526.7233797499996,
            "avg": 1075.1829642384698,
            "min": 84.243889,
            "med": 1045.5049115,
            "max": 2098.47597
        },
        "http_req_duration": {
            "med": 1045.4974735,
            "max": 2098.47597,
            "p(90)": 1441.595581,
            "p(95)": 1526.7042872499999,
            "avg": 1075.1036617628658,
            "min": 0,
            "thresholds": {
                "p(95)<2000": false
            }
        },
        "http_req_blocked": {
            "p(95)": 0.01896675,
            "avg": 1.640437025372486,
            "min": 0,
            "med": 0.005211,
            "max": 270.704558,
            "p(90)": 0.008601
        },
        "vus": {
            "value": 1000,
            "min": 537,
            "max": 1000
        },
        "checks": {
            "passes": 27114,
            "fails": 2,
            "value": 0.9999262428086738
        },
        "iterations": {
            "count": 27116,
            "rate": 887.4784915049713
        },
        "iteration_duration": {
            "max": 2166.769556,
            "p(90)": 1442.0716400000001,
            "p(95)": 1530.3237007500002,
            "avg": 1077.5164946428663,
            "min": 46.617518,
            "med": 1046.4312905000002
        },
        "data_sent": {
            "count": 35560488,
            "rate": 1163857.8052596487
        },
        "data_received": {
            "count": 6805614,
            "rate": 222740.67142960298
        },
        "http_reqs": {
            "count": 27116,
            "rate": 887.4784915049713
        },
        "http_req_tls_handshaking": {
            "avg": 0,
            "min": 0,
            "med": 0,
            "max": 0,
            "p(90)": 0,
            "p(95)": 0
        },
        "http_req_connecting": {
            "max": 270.478059,
            "p(90)": 0,
            "p(95)": 0,
            "avg": 1.6057543992476782,
            "min": 0,
            "med": 0
        },
        "dropped_iterations": {
            "count": 422889,
            "rate": 13840.717354847538
        },
        "http_req_receiving": {
            "med": 0.0580155,
            "max": 31.942807,
            "p(90)": 0.126808,
            "p(95)": 0.15494,
            "avg": 0.08855410436642622,
            "min": 0
        },
        "http_req_waiting": {
            "avg": 1074.8824107495948,
            "min": 0,
            "med": 1045.3277640000001,
            "max": 2098.314371,
            "p(90)": 1441.415543,
            "p(95)": 1526.473614
        },
        "http_req_sending": {
            "med": 0.026902,
            "max": 71.802765,
            "p(90)": 0.0899985,
            "p(95)": 0.1787335,
            "avg": 0.1326969089098721,
            "min": 0
        },
        "http_req_failed": {
            "passes": 2,
            "fails": 27114,
            "thresholds": {
                "rate<0.01": false
            },
            "value": 0.0000737571913261543
        },
        "vus_max": {
            "value": 1000,
            "min": 537,
            "max": 1000
        }
    },
    "root_group": {
        "id": "d41d8cd98f00b204e9800998ecf8427e",
        "groups": {},
        "checks": {
                "status is 202": {
                    "name": "status is 202",
                    "path": "::status is 202",
                    "id": "34a6d451b2be8259be22b1a5c2a715cf",
                    "passes": 27114,
                    "fails": 2
                }
            },
        "name": "",
        "path": ""
    }
}