{
    "metrics": {
        "http_req_sending": {
            "med": 0.055808,
            "max": 65.573715,
            "p(90)": 0.114886,
            "p(95)": 0.149885,
            "avg": 0.14815966544222645,
            "min": 0
        },
        "http_req_waiting": {
            "med": 1034.151775,
            "max": 1619.357469,
            "p(90)": 1283.10881,
            "p(95)": 1399.5416,
            "avg": 1037.6174176624631,
            "min": 0
        },
        "data_sent": {
            "count": 32067298,
            "rate": 860444.0513697612
        },
        "vus": {
            "value": 9,
            "min": 9,
            "max": 1000
        },
        "http_req_duration": {
            "med": 1034.377476,
            "max": 1619.453484,
            "p(90)": 1283.30534,
            "p(95)": 1399.774918,
            "avg": 1037.9650356312743,
            "min": 0,
            "thresholds": {
                "p(95)<2000": false
            }
        },
        "http_req_failed": {
            "passes": 31,
            "fails": 24470,
            "thresholds": {
                "rate<0.01": false
            },
            "value": 0.0012652544794090038
        },
        "http_reqs": {
            "count": 24501,
            "rate": 657.4217666424693
        },
        "http_req_receiving": {
            "avg": 0.19945830337537285,
            "min": 0,
            "med": 0.072905,
            "max": 112.193527,
            "p(90)": 0.150115,
            "p(95)": 0.20128
        },
        "data_received": {
            "rate": 164804.08016264834,
            "count": 6141970
        },
        "iteration_duration": {
            "avg": 1077.2068790136302,
            "min": 85.015226,
            "med": 1035.595011,
            "max": 30011.886862,
            "p(90)": 1286.116942,
            "p(95)": 1410.808263
        },
        "vus_max": {
            "value": 1000,
            "min": 223,
            "max": 1000
        },
        "http_req_tls_handshaking": {
            "max": 0,
            "p(90)": 0,
            "p(95)": 0,
            "avg": 0,
            "min": 0,
            "med": 0
        },
        "checks": {
            "passes": 24470,
            "fails": 31,
            "value": 0.998734745520591
        },
        "iterations": {
            "count": 24501,
            "rate": 657.4217666424693
        },
        "dropped_iterations": {
            "rate": 147.55162216917427,
            "count": 5499
        },
        "http_req_connecting": {
            "p(95)": 0,
            "avg": 0.6115354069221667,
            "min": 0,
            "med": 0,
            "max": 264.475449,
            "p(90)": 0
        },
        "http_req_duration{expected_response:true}": {
            "min": 78.645588,
            "med": 1034.6370735,
            "max": 1619.453484,
            "p(90)": 1283.6298213,
            "p(95)": 1399.99247145,
            "avg": 1039.2799892930875
        },
        "http_req_blocked": {
            "min": 0,
            "med": 0.007801,
            "max": 264.56154,
            "p(90)": 0.011201,
            "p(95)": 0.035796,
            "avg": 0.6362760561609743
        }
    },
    "root_group": {
        "id": "d41d8cd98f00b204e9800998ecf8427e",
        "groups": {},
        "checks": {
                "status is 202": {
                    "name": "status is 202",
                    "path": "::status is 202",
                    "id": "34a6d451b2be8259be22b1a5c2a715cf",
                    "passes": 24470,
                    "fails": 31
                }
            },
        "name": "",
        "path": ""
    }
}