{
    "root_group": {
        "path": "",
        "id": "d41d8cd98f00b204e9800998ecf8427e",
        "groups": {},
        "checks": {
                "status is 202": {
                    "name": "status is 202",
                    "path": "::status is 202",
                    "id": "34a6d451b2be8259be22b1a5c2a715cf",
                    "passes": 3451,
                    "fails": 16
                }
            },
        "name": ""
    },
    "metrics": {
        "http_req_tls_handshaking": {
            "avg": 0,
            "min": 0,
            "med": 0,
            "max": 0,
            "p(90)": 0,
            "p(95)": 0
        },
        "data_received": {
            "count": 866201,
            "rate": 14436.93452564761
        },
        "http_req_duration": {
            "p(90)": 17784.116867,
            "p(95)": 22248.9860399,
            "avg": 8838.251607452556,
            "min": 0,
            "med": 7417.946756,
            "max": 49970.40127,
            "thresholds": {
                "p(95)<2000": true
            }
        },
        "data_sent": {
            "count": 355917384,
            "rate": 5932059.613585967
        },
        "http_req_failed": {
            "passes": 16,
            "fails": 3451,
            "thresholds": {
                "rate<0.01": false
            },
            "value": 0.004614940871070089
        },
        "http_reqs": {
            "rate": 57.78433873941529,
            "count": 3467
        },
        "http_req_blocked": {
            "avg": 284.1806339270264,
            "min": 0,
            "med": 0.011401,
            "max": 7435.904529,
            "p(90)": 1141.7531752000007,
            "p(95)": 2171.5218878999995
        },
        "iterations": {
            "count": 3467,
            "rate": 57.78433873941529
        },
        "iteration_duration": {
            "p(95)": 22872.8140545,
            "avg": 9151.014589039525,
            "min": 147.571253,
            "med": 7549.030734,
            "max": 50116.514744,
            "p(90)": 18417.936100400002
        },
        "vus": {
            "value": 1,
            "min": 1,
            "max": 1000
        },
        "vus_max": {
            "min": 172,
            "max": 1000,
            "value": 1000
        },
        "checks": {
            "passes": 3451,
            "fails": 16,
            "value": 0.9953850591289299
        },
        "http_req_waiting": {
            "med": 6273.339012,
            "max": 48540.354771,
            "p(90)": 13509.9179688,
            "p(95)": 17286.95436529999,
            "avg": 7142.683656672334,
            "min": 0
        },
        "http_req_duration{expected_response:true}": {
            "max": 49970.40127,
            "p(90)": 17804.490932,
            "p(95)": 22267.2709765,
            "avg": 8854.929435759494,
            "min": 127.348257,
            "med": 7444.966971
        },
        "http_req_receiving": {
            "avg": 0.3023555116815685,
            "min": 0,
            "med": 0.111211,
            "max": 56.314094,
            "p(90)": 0.202819,
            "p(95)": 0.4253560999999995
        },
        "http_req_connecting": {
            "p(90)": 1140.1849764000003,
            "p(95)": 2171.4215685999993,
            "avg": 283.9940728136716,
            "min": 0,
            "med": 0,
            "max": 7435.791018
        },
        "http_req_sending": {
            "avg": 1695.2655952685327,
            "min": 0,
            "med": 0.365734,
            "max": 49960.496288,
            "p(90)": 7086.106504600002,
            "p(95)": 11472.087066499998
        },
        "dropped_iterations": {
            "count": 446422,
            "rate": 7440.496125966903
        }
    }
}