{
    "root_group": {
        "checks": {
            "status is 202": {
                "id": "34a6d451b2be8259be22b1a5c2a715cf",
                "passes": 3214,
                "fails": 143,
                "name": "status is 202",
                "path": "::status is 202"
            }
        },
        "name": "",
        "path": "",
        "id": "d41d8cd98f00b204e9800998ecf8427e",
        "groups": {}
    },
    "metrics": {
        "http_req_sending": {
            "avg": 1463.8540105913048,
            "min": 0,
            "med": 0.363633,
            "max": 51249.822344,
            "p(90)": 5701.418420399999,
            "p(95)": 10658.801155199999
        },
        "http_reqs": {
            "count": 3357,
            "rate": 60.49087891667185
        },
        "data_sent": {
            "count": 331389911,
            "rate": 5971422.9909167895
        },
        "dropped_iterations": {
            "count": 146641,
            "rate": 2642.3720510037765
        },
        "http_req_tls_handshaking": {
            "avg": 0,
            "min": 0,
            "med": 0,
            "max": 0,
            "p(90)": 0,
            "p(95)": 0
        },
        "vus": {
            "value": 1,
            "min": 1,
            "max": 1000
        },
        "iteration_duration": {
            "avg": 8699.167144510886,
            "min": 180.735694,
            "med": 5772.904061,
            "max": 55450.739006,
            "p(90)": 20386.3957834,
            "p(95)": 30003.3995906
        },
        "vus_max": {
            "value": 1000,
            "min": 164,
            "max": 1000
        },
        "http_req_failed": {
            "passes": 143,
            "fails": 3214,
            "thresholds": {
                "rate<0.01": true
            },
            "value": 0.042597557342865654
        },
        "http_req_connecting": {
            "min": 0,
            "med": 0,
            "max": 19581.371561,
            "p(90)": 803.8226602000001,
            "p(95)": 1513.1497525999976,
            "avg": 306.64490950402137
        },
        "http_req_waiting": {
            "med": 4530.222438,
            "max": 55279.094051,
            "p(90)": 11362.972402600002,
            "p(95)": 15364.412669799998,
            "avg": 5752.732122176646,
            "min": 0
        },
        "http_req_duration": {
            "max": 55386.791539,
            "p(90)": 15622.4837356,
            "p(95)": 20751.930504999997,
            "avg": 7216.88884546947,
            "min": 0,
            "med": 5199.91917,
            "thresholds": {
                "p(95)<2000": true
            }
        },
        "http_req_blocked": {
            "p(95)": 1513.2959965999974,
            "avg": 306.8559625409593,
            "min": 0,
            "med": 0.011605,
            "max": 19581.990675,
            "p(90)": 803.9760458000002
        },
        "iterations": {
            "count": 3357,
            "rate": 60.49087891667185
        },
        "http_req_duration{expected_response:true}": {
            "max": 55386.791539,
            "p(90)": 16052.9238999,
            "p(95)": 20949.714235,
            "avg": 7513.815807728064,
            "min": 8.297355,
            "med": 5365.496128
        },
        "http_req_receiving": {
            "min": 0,
            "med": 0.122051,
            "max": 21.65365,
            "p(90)": 0.24969080000000005,
            "p(95)": 0.6671067999999962,
            "avg": 0.3027127015192133
        },
        "checks": {
            "passes": 3214,
            "fails": 143,
            "value": 0.9574024426571344
        },
        "data_received": {
            "count": 806714,
            "rate": 14536.442923557945
        }
    }
}