{
    "root_group": {
        "id": "d41d8cd98f00b204e9800998ecf8427e",
        "groups": {},
        "checks": {
                "status is 202": {
                    "name": "status is 202",
                    "path": "::status is 202",
                    "id": "34a6d451b2be8259be22b1a5c2a715cf",
                    "passes": 9641,
                    "fails": 19406
                }
            },
        "name": "",
        "path": ""
    },
    "metrics": {
        "http_req_duration": {
            "p(95)": 1747.0051227999998,
            "avg": 515.6696984093344,
            "min": 0,
            "med": 0,
            "max": 17683.581434,
            "p(90)": 1020.1773374000003,
            "thresholds": {
                "p(95)<2000": false
            }
        },
        "data_received": {
            "count": 2419891,
            "rate": 62151.30314003407
        },
        "http_req_sending": {
            "p(90)": 0.061505,
            "p(95)": 0.08100669999999999,
            "avg": 0.03835534791889016,
            "min": 0,
            "med": 0,
            "max": 19.804513
        },
        "vus": {
            "max": 1000,
            "value": 19,
            "min": 19
        },
        "iterations": {
            "rate": 746.0290163104742,
            "count": 29047
        },
        "dropped_iterations": {
            "rate": 14664.387279158256,
            "count": 570965
        },
        "http_req_connecting": {
            "p(95)": 0,
            "avg": 67.15730557324336,
            "min": 0,
            "med": 0,
            "max": 19633.935992,
            "p(90)": 0
        },
        "http_req_waiting": {
            "med": 0,
            "max": 17683.459925,
            "p(90)": 1019.8504926000007,
            "p(95)": 1746.8778227,
            "avg": 515.5882275310364,
            "min": 0
        },
        "http_req_failed": {
            "passes": 19406,
            "fails": 9641,
            "thresholds": {
                "rate<0.01": true
            },
            "value": 0.6680896478121665
        },
        "http_req_duration{expected_response:true}": {
            "avg": 1553.6415029245863,
            "min": 2.326176,
            "med": 821.616762,
            "max": 17683.581434,
            "p(90)": 2427.834802,
            "p(95)": 4957.028658
        },
        "iteration_duration": {
            "max": 30051.645582,
            "p(90)": 1344.6563250000006,
            "p(95)": 2360.1616777999966,
            "avg": 1050.4642354863522,
            "min": 2.529691,
            "med": 412.028676
        },
        "vus_max": {
            "value": 1000,
            "min": 553,
            "max": 1000
        },
        "http_req_tls_handshaking": {
            "p(95)": 0,
            "avg": 0,
            "min": 0,
            "med": 0,
            "max": 0,
            "p(90)": 0
        },
        "http_reqs": {
            "count": 29047,
            "rate": 746.0290163104742
        },
        "http_req_receiving": {
            "avg": 0.043115530381795004,
            "min": 0,
            "med": 0,
            "max": 38.014179,
            "p(90)": 0.113609,
            "p(95)": 0.13621
        },
        "data_sent": {
            "count": 3985610,
            "rate": 102364.46819627463
        },
        "http_req_blocked": {
            "avg": 67.18704299889836,
            "min": 0,
            "med": 0,
            "max": 19634.037499,
            "p(90)": 0.0077,
            "p(95)": 0.0093
        },
        "checks": {
            "passes": 9641,
            "fails": 19406,
            "value": 0.3319103521878335
        }
    }
}