{
    "metrics": {
        "data_received": {
            "count": 5235860,
            "rate": 147919.51970466806
        },
        "http_reqs": {
            "rate": 748.1209966078761,
            "count": 26481
        },
        "http_req_sending": {
            "med": 0.036202,
            "max": 12.637877,
            "p(90)": 0.088706,
            "p(95)": 0.116209,
            "avg": 0.055238092179298245,
            "min": 0
        },
        "checks": {
            "passes": 20860,
            "fails": 5621,
            "value": 0.7877346021675918
        },
        "vus_max": {
            "value": 1000,
            "min": 478,
            "max": 1000
        },
        "http_req_blocked": {
            "max": 3322.559941,
            "p(90)": 0.009101,
            "p(95)": 0.0114,
            "avg": 6.600689755447161,
            "min": 0,
            "med": 0.0058
        },
        "iterations": {
            "count": 26481,
            "rate": 748.1209966078761
        },
        "http_req_failed": {
            "passes": 5621,
            "fails": 20860,
            "thresholds": {
                "rate<0.01": true
            },
            "value": 0.21226539783240814
        },
        "http_req_duration{expected_response:true}": {
            "avg": 956.3267326744985,
            "min": 15.693237,
            "med": 845.10361,
            "max": 9779.012514,
            "p(90)": 1061.3854441,
            "p(95)": 1228.30629215
        },
        "http_req_waiting": {
            "p(90)": 1041.447771,
            "p(95)": 1185.012382,
            "avg": 753.1856878434396,
            "min": 0,
            "med": 807.619566,
            "max": 9778.813101
        },
        "http_req_duration": {
            "p(95)": 1185.139992,
            "avg": 753.3316583055791,
            "min": 0,
            "med": 807.799277,
            "max": 9779.012514,
            "p(90)": 1041.603684,
            "thresholds": {
                "p(95)<2000": false
            }
        },
        "http_req_receiving": {
            "avg": 0.09073236996337022,
            "min": 0,
            "med": 0.082006,
            "max": 15.090102,
            "p(90)": 0.136008,
            "p(95)": 0.16941
        },
        "dropped_iterations": {
            "count": 123517,
            "rate": 3489.507992070354
        },
        "iteration_duration": {
            "p(95)": 1229.554721,
            "avg": 1130.5511523996051,
            "min": 1.921843,
            "med": 815.012555,
            "max": 30009.368035,
            "p(90)": 1051.300929
        },
        "vus": {
            "min": 13,
            "max": 1000,
            "value": 13
        },
        "http_req_connecting": {
            "p(95)": 0,
            "avg": 6.5685098000830795,
            "min": 0,
            "med": 0,
            "max": 3291.181416,
            "p(90)": 0
        },
        "data_sent": {
            "rate": 243160.22981264943,
            "count": 8607065
        },
        "http_req_tls_handshaking": {
            "p(95)": 0,
            "avg": 0,
            "min": 0,
            "med": 0,
            "max": 0,
            "p(90)": 0
        }
    },
    "root_group": {
        "path": "",
        "id": "d41d8cd98f00b204e9800998ecf8427e",
        "groups": {},
        "checks": {
                "status is 202": {
                    "name": "status is 202",
                    "path": "::status is 202",
                    "id": "34a6d451b2be8259be22b1a5c2a715cf",
                    "passes": 20860,
                    "fails": 5621
                }
            },
        "name": ""
    }
}