{
    "metrics": {
        "http_req_receiving": {
            "p(95)": 0.180011,
            "avg": 0.1108337109995272,
            "min": 0,
            "med": 0.051305,
            "max": 40.467012,
            "p(90)": 0.137915
        },
        "http_req_waiting": {
            "avg": 693.0458667890215,
            "min": 0,
            "med": 781.12627,
            "max": 10308.282692,
            "p(90)": 1135.188909,
            "p(95)": 1220.615628
        },
        "iteration_duration": {
            "min": 3.900002,
            "med": 805.383259,
            "max": 30032.938025,
            "p(90)": 1155.417754,
            "p(95)": 1439.254617,
            "avg": 1309.2597765665887
        },
        "data_sent": {
            "count": 150622002,
            "rate": 3788617.6800232423
        },
        "http_req_sending": {
            "p(90)": 0.293222,
            "p(95)": 0.510631,
            "avg": 0.266798809364406,
            "min": 0,
            "med": 0.128814,
            "max": 57.799645
        },
        "iterations": {
            "count": 23301,
            "rate": 586.0935281036934
        },
        "dropped_iterations": {
            "rate": 6959.800907502153,
            "count": 276697
        },
        "http_req_blocked": {
            "med": 0.0058,
            "max": 220.342488,
            "p(90)": 0.010601,
            "p(95)": 0.0131,
            "avg": 1.349734246598866,
            "min": 0
        },
        "vus": {
            "value": 28,
            "min": 28,
            "max": 1000
        },
        "http_reqs": {
            "count": 23301,
            "rate": 586.0935281036934
        },
        "data_received": {
            "count": 3589802,
            "rate": 90294.82508792305
        },
        "vus_max": {
            "value": 1000,
            "min": 450,
            "max": 1000
        },
        "http_req_failed": {
            "passes": 8999,
            "fails": 14302,
            "thresholds": {
                "rate<0.01": true
            },
            "value": 0.3862066005750826
        },
        "checks": {
            "passes": 14302,
            "fails": 8999,
            "value": 0.6137933994249174
        },
        "http_req_duration{expected_response:true}": {
            "avg": 1129.7343698369475,
            "min": 125.867462,
            "med": 919.5052875,
            "max": 10311.154605,
            "p(90)": 1181.7674267,
            "p(95)": 1457.84678975
        },
        "http_req_tls_handshaking": {
            "avg": 0,
            "min": 0,
            "med": 0,
            "max": 0,
            "p(90)": 0,
            "p(95)": 0
        },
        "http_req_duration": {
            "max": 10311.154605,
            "p(90)": 1135.869,
            "p(95)": 1220.869456,
            "avg": 693.4234993093868,
            "min": 0,
            "med": 781.503112,
            "thresholds": {
                "p(95)<2000": false
            }
        },
        "http_req_connecting": {
            "min": 0,
            "med": 0,
            "max": 220.310985,
            "p(90)": 0,
            "p(95)": 0,
            "avg": 1.2860179508175602
        }
    },
    "root_group": {
        "id": "d41d8cd98f00b204e9800998ecf8427e",
        "groups": {},
        "checks": {
                "status is 202": {
                    "name": "status is 202",
                    "path": "::status is 202",
                    "id": "34a6d451b2be8259be22b1a5c2a715cf",
                    "passes": 14302,
                    "fails": 8999
                }
            },
        "name": "",
        "path": ""
    }
}