{
    "root_group": {
        "name": "",
        "path": "",
        "id": "d41d8cd98f00b204e9800998ecf8427e",
        "groups": {},
        "checks": {
                "status is 202": {
                    "name": "status is 202",
                    "path": "::status is 202",
                    "id": "34a6d451b2be8259be22b1a5c2a715cf",
                    "passes": 14805,
                    "fails": 6869
                }
            }
    },
    "metrics": {
        "checks": {
            "fails": 6869,
            "passes": 14805,
            "value": 0.683076497185568
        },
        "data_sent": {
            "count": 155905158,
            "rate": 3913396.464121875
        },
        "iteration_duration": {
            "avg": 1380.1812075836972,
            "min": 2.382282,
            "med": 805.5423595,
            "max": 30020.770747,
            "p(90)": 1174.8561518,
            "p(95)": 3157.6104318999937
        },
        "http_req_blocked": {
            "avg": 4.527580034788213,
            "min": 0,
            "med": 0.0066,
            "max": 289.722588,
            "p(90)": 0.0108,
            "p(95)": 0.013801
        },
        "http_req_receiving": {
            "med": 0.07815649999999999,
            "max": 15.829936,
            "p(90)": 0.137511,
            "p(95)": 0.166313,
            "avg": 0.08736650226077348,
            "min": 0
        },
        "vus_max": {
            "value": 1000,
            "min": 316,
            "max": 1000
        },
        "http_req_tls_handshaking": {
            "min": 0,
            "med": 0,
            "max": 0,
            "p(90)": 0,
            "p(95)": 0,
            "avg": 0
        },
        "http_req_sending": {
            "max": 16.081883,
            "p(90)": 0.283123,
            "p(95)": 0.3829699999999994,
            "avg": 0.18458560648703626,
            "min": 0,
            "med": 0.152312
        },
        "http_req_duration{expected_response:true}": {
            "p(95)": 3828.5535365999986,
            "avg": 1244.3121284769268,
            "min": 52.85706,
            "med": 925.427877,
            "max": 13591.823814,
            "p(90)": 1248.4624534
        },
        "data_received": {
            "count": 3716055,
            "rate": 93277.19931807781
        },
        "http_req_connecting": {
            "p(90)": 0,
            "p(95)": 0,
            "avg": 4.508841868782872,
            "min": 0,
            "med": 0,
            "max": 289.645182
        },
        "http_req_waiting": {
            "avg": 849.6884180167956,
            "min": 0,
            "med": 779.8317645,
            "max": 13591.417683,
            "p(90)": 1151.957524,
            "p(95)": 1334.2586774499996
        },
        "iterations": {
            "count": 21674,
            "rate": 544.0420063804272
        },
        "vus": {
            "value": 1,
            "min": 1,
            "max": 1000
        },
        "http_req_duration": {
            "p(90)": 1152.3060831,
            "p(95)": 1334.88250215,
            "avg": 849.9603701255376,
            "min": 0,
            "med": 780.2648275,
            "max": 13591.823814,
            "thresholds": {
                "p(95)<2000": false
            }
        },
        "http_req_failed": {
            "passes": 6869,
            "fails": 14805,
            "thresholds": {
                "rate<0.01": true
            },
            "value": 0.31692350281443205
        },
        "http_reqs": {
            "count": 21674,
            "rate": 544.0420063804272
        },
        "dropped_iterations": {
            "rate": 3222.0570298519324,
            "count": 128363
        }
    }
}