{
    "root_group": {
        "name": "",
        "path": "",
        "id": "d41d8cd98f00b204e9800998ecf8427e",
        "groups": {},
        "checks": {
                "status is 202": {
                    "name": "status is 202",
                    "path": "::status is 202",
                    "id": "34a6d451b2be8259be22b1a5c2a715cf",
                    "passes": 28229,
                    "fails": 0
                }
            }
    },
    "metrics": {
        "vus": {
            "value": 794,
            "min": 238,
            "max": 829
        },
        "dropped_iterations": {
            "count": 1772,
            "rate": 57.330537895140836
        },
        "http_req_connecting": {
            "avg": 0.7721052324205596,
            "min": 0,
            "med": 0,
            "max": 157.253986,
            "p(90)": 0,
            "p(95)": 0
        },
        "http_req_sending": {
            "min": 0.008101,
            "med": 0.048503,
            "max": 13.780478,
            "p(90)": 0.090507,
            "p(95)": 0.133309,
            "avg": 0.06729664313294895
        },
        "http_req_blocked": {
            "avg": 0.7918675430231182,
            "min": 0.0025,
            "med": 0.007301,
            "max": 159.973437,
            "p(90)": 0.010201,
            "p(95)": 0.023662999999999854
        },
        "http_req_receiving": {
            "max": 15.799538,
            "p(90)": 0.176512,
            "p(95)": 0.22357399999999986,
            "avg": 0.1230696135180143,
            "min": 0.013201,
            "med": 0.101907
        },
        "http_req_waiting": {
            "max": 3255.893693,
            "p(90)": 802.1803894000001,
            "p(95)": 852.2073631999999,
            "avg": 664.4825814942449,
            "min": 9.80681,
            "med": 627.292763
        },
        "http_req_tls_handshaking": {
            "avg": 0,
            "min": 0,
            "med": 0,
            "max": 0,
            "p(90)": 0,
            "p(95)": 0
        },
        "checks": {
            "passes": 28229,
            "fails": 0,
            "value": 1
        },
        "iteration_duration": {
            "p(90)": 802.961403,
            "p(95)": 853.7162658,
            "avg": 665.8367113275334,
            "min": 10.174826,
            "med": 627.954638,
            "max": 3262.088175
        },
        "http_req_failed": {
            "passes": 0,
            "fails": 28229,
            "thresholds": {
                "rate<0.01": false
            },
            "value": 0
        },
        "iterations": {
            "count": 28229,
            "rate": 913.3091163893514
        },
        "vus_max": {
            "value": 848,
            "min": 238,
            "max": 848
        },
        "http_req_duration{expected_response:true}": {
            "avg": 664.6729477508954,
            "min": 9.914815,
            "med": 627.498777,
            "max": 3256.24633,
            "p(90)": 802.3035582000001,
            "p(95)": 852.4607007999999
        },
        "data_sent": {
            "count": 37023462,
            "rate": 1197841.4171559294
        },
        "data_received": {
            "rate": 229240.5882137272,
            "count": 7085479
        },
        "http_reqs": {
            "count": 28229,
            "rate": 913.3091163893514
        },
        "http_req_duration": {
            "max": 3256.24633,
            "p(90)": 802.3035582000001,
            "p(95)": 852.4607007999999,
            "avg": 664.6729477508954,
            "min": 9.914815,
            "med": 627.498777,
            "thresholds": {
                "p(95)<2000": false
            }
        }
    }
}