{
    "root_group": {
        "checks": {
            "status is 202": {
                "name": "status is 202",
                "path": "::status is 202",
                "id": "34a6d451b2be8259be22b1a5c2a715cf",
                "passes": 28554,
                "fails": 0
            }
        },
        "name": "",
        "path": "",
        "id": "d41d8cd98f00b204e9800998ecf8427e",
        "groups": {}
    },
    "metrics": {
        "vus": {
            "value": 411,
            "min": 202,
            "max": 770
        },
        "http_req_blocked": {
            "min": 0,
            "med": 0.0072,
            "max": 170.648317,
            "p(90)": 0.009901,
            "p(95)": 0.017935649999999855,
            "avg": 0.5425980935420388
        },
        "http_req_failed": {
            "passes": 0,
            "fails": 28554,
            "thresholds": {
                "rate<0.01": false
            },
            "value": 0
        },
        "http_reqs": {
            "count": 28554,
            "rate": 941.4301139059381
        },
        "http_req_receiving": {
            "p(95)": 0.22054499999999985,
            "avg": 0.12267018683897302,
            "min": 0.0152,
            "med": 0.1031045,
            "max": 15.365507,
            "p(90)": 0.1756287
        },
        "http_req_duration": {
            "avg": 542.8461592451847,
            "min": 8.116856,
            "med": 528.305537,
            "max": 1739.573567,
            "p(90)": 732.2721194000001,
            "p(95)": 763.45012065,
            "thresholds": {
                "p(95)<2000": false
            }
        },
        "http_req_duration{expected_response:true}": {
            "min": 8.116856,
            "med": 528.305537,
            "max": 1739.573567,
            "p(90)": 732.2721194000001,
            "p(95)": 763.45012065,
            "avg": 542.8461592451847
        },
        "data_received": {
            "count": 7167054,
            "rate": 236298.95859039045
        },
        "iterations": {
            "count": 28554,
            "rate": 941.4301139059381
        },
        "checks": {
            "passes": 28554,
            "fails": 0,
            "value": 1
        },
        "data_sent": {
            "count": 37420772,
            "rate": 1233769.0567489017
        },
        "dropped_iterations": {
            "count": 1447,
            "rate": 47.707829895002185
        },
        "http_req_connecting": {
            "avg": 0.5262214735238494,
            "min": 0,
            "med": 0,
            "max": 170.547401,
            "p(90)": 0,
            "p(95)": 0
        },
        "http_req_tls_handshaking": {
            "med": 0,
            "max": 0,
            "p(90)": 0,
            "p(95)": 0,
            "avg": 0,
            "min": 0
        },
        "http_req_sending": {
            "p(95)": 0.13009844999999998,
            "avg": 0.06552682051551384,
            "min": 0.007701,
            "med": 0.049602,
            "max": 10.720534,
            "p(90)": 0.092604
        },
        "http_req_waiting": {
            "min": 6.285031,
            "med": 528.0256589999999,
            "max": 1739.373666,
            "p(90)": 732.045581,
            "p(95)": 763.1584217,
            "avg": 542.6579622378239
        },
        "vus_max": {
            "value": 775,
            "min": 202,
            "max": 775
        },
        "iteration_duration": {
            "min": 8.506682,
            "med": 528.8598005,
            "max": 1744.149328,
            "p(90)": 732.8975320000001,
            "p(95)": 763.80826135,
            "avg": 543.7191405464721
        }
    }
}