{
    "root_group": {
        "path": "",
        "id": "d41d8cd98f00b204e9800998ecf8427e",
        "groups": {},
        "checks": {
                "status is 202": {
                    "passes": 16186,
                    "fails": 9243,
                    "name": "status is 202",
                    "path": "::status is 202",
                    "id": "34a6d451b2be8259be22b1a5c2a715cf"
                }
            },
        "name": ""
    },
    "metrics": {
        "dropped_iterations": {
            "count": 4572,
            "rate": 146.89360555418003
        },
        "http_req_blocked": {
            "p(95)": 0.026702,
            "avg": 0.9461599272090839,
            "min": 0,
            "med": 0.006501,
            "max": 289.984075,
            "p(90)": 0.010201
        },
        "http_req_connecting": {
            "p(95)": 0,
            "avg": 0.9301216615675008,
            "min": 0,
            "med": 0,
            "max": 289.89327,
            "p(90)": 0
        },
        "data_sent": {
            "count": 21226952,
            "rate": 681999.8937457377
        },
        "vus_max": {
            "value": 1000,
            "min": 296,
            "max": 1000
        },
        "http_reqs": {
            "count": 25429,
            "rate": 817.0073262548653
        },
        "http_req_duration{expected_response:true}": {
            "min": 39.298647,
            "med": 1265.3523195,
            "max": 10502.439715,
            "p(90)": 1561.5773760000002,
            "p(95)": 1802.20750075,
            "avg": 1443.759563075065
        },
        "http_req_sending": {
            "p(95)": 0.12876919999999986,
            "avg": 0.05656327618073831,
            "min": -0.873659,
            "med": 0.025112,
            "max": 15.630764,
            "p(90)": 0.08331340000000002
        },
        "checks": {
            "passes": 16186,
            "fails": 9243,
            "value": 0.6365173620669314
        },
        "data_received": {
            "count": 4062686,
            "rate": 130529.87637237302
        },
        "vus": {
            "value": 89,
            "min": 89,
            "max": 1000
        },
        "http_req_tls_handshaking": {
            "p(95)": 0,
            "avg": 0,
            "min": 0,
            "med": 0,
            "max": 0,
            "p(90)": 0
        },
        "iterations": {
            "count": 25429,
            "rate": 817.0073262548653
        },
        "http_req_duration": {
            "avg": 918.978028547446,
            "min": 0,
            "med": 1012.922877,
            "max": 10502.439715,
            "p(90)": 1438.6114568000003,
            "p(95)": 1635.0513241999995,
            "thresholds": {
                "p(95)<2000": false
            }
        },
        "http_req_failed": {
            "passes": 9243,
            "fails": 16186,
            "thresholds": {
                "rate<0.01": true
            },
            "value": 0.36348263793306856
        },
        "http_req_waiting": {
            "p(95)": 1634.9280343999997,
            "avg": 918.8339365523169,
            "min": 0,
            "med": 1012.689173,
            "max": 10502.106506,
            "p(90)": 1438.4834162000002
        },
        "http_req_receiving": {
            "p(95)": 0.19917479999999985,
            "avg": 0.08752871894293887,
            "min": 0,
            "med": 0.044702,
            "max": 15.988701,
            "p(90)": 0.14612020000000003
        },
        "iteration_duration": {
            "min": 1.795446,
            "med": 1013.549576,
            "max": 10512.003605,
            "p(90)": 1439.3700214000003,
            "p(95)": 1635.2418799999996,
            "avg": 953.1274871324001
        }
    }
}