{
    "root_group": {
        "name": "",
        "path": "",
        "id": "d41d8cd98f00b204e9800998ecf8427e",
        "groups": {},
        "checks": {
                "status is 202": {
                    "name": "status is 202",
                    "path": "::status is 202",
                    "id": "34a6d451b2be8259be22b1a5c2a715cf",
                    "passes": 4750,
                    "fails": 33501
                }
            }
    },
    "metrics": {
        "http_req_receiving": {
            "avg": 0.010806396643225078,
            "min": 0,
            "med": 0,
            "max": 11.861948,
            "p(90)": 0.03481,
            "p(95)": 0.0817235
        },
        "http_req_waiting": {
            "p(95)": 1700.8096635000002,
            "avg": 536.4154756846364,
            "min": 0,
            "med": 0,
            "max": 24180.935052,
            "p(90)": 1093.567556
        },
        "dropped_iterations": {
            "count": 111746,
            "rate": 3655.767177272505
        },
        "http_req_sending": {
            "avg": 0.023039058246843328,
            "min": 0,
            "med": 0,
            "max": 21.46072,
            "p(90)": 0.018205,
            "p(95)": 0.0522665
        },
        "checks": {
            "passes": 4750,
            "fails": 33501,
            "value": 0.12417976000627434
        },
        "iteration_duration": {
            "avg": 761.1364721460886,
            "min": 2.520521,
            "med": 207.387037,
            "max": 24315.207484,
            "p(90)": 1225.040884,
            "p(95)": 1730.499221
        },
        "http_req_duration": {
            "avg": 536.4493211395243,
            "min": 0,
            "med": 0,
            "max": 24181.161006,
            "p(90)": 1093.679688,
            "p(95)": 1701.0979615,
            "thresholds": {
                "p(95)<2000": false
            }
        },
        "iterations": {
            "count": 38251,
            "rate": 1251.3803652734825
        },
        "http_req_failed": {
            "passes": 33501,
            "fails": 4750,
            "thresholds": {
                "rate<0.01": true
            },
            "value": 0.8758202399937256
        },
        "vus": {
            "min": 495,
            "max": 1000,
            "value": 1000
        },
        "http_req_connecting": {
            "p(95)": 0,
            "avg": 1.6944638537031698,
            "min": 0,
            "med": 0,
            "max": 374.869172,
            "p(90)": 0
        },
        "data_sent": {
            "rate": 63902.70949661194,
            "count": 1953317
        },
        "http_reqs": {
            "count": 38251,
            "rate": 1251.3803652734825
        },
        "data_received": {
            "count": 1192250,
            "rate": 39004.42447249247
        },
        "http_req_duration{expected_response:true}": {
            "p(90)": 14315.1896241,
            "p(95)": 20763.3998223,
            "avg": 4319.941680612199,
            "min": 113.070747,
            "med": 1522.6683605,
            "max": 24181.161006
        },
        "http_req_tls_handshaking": {
            "min": 0,
            "med": 0,
            "max": 0,
            "p(90)": 0,
            "p(95)": 0,
            "avg": 0
        },
        "vus_max": {
            "value": 1000,
            "min": 495,
            "max": 1000
        },
        "http_req_blocked": {
            "avg": 1.7076447286606844,
            "min": 0,
            "med": 0,
            "max": 375.159874,
            "p(90)": 0.004402,
            "p(95)": 0.006902
        }
    }
}