{
    "metrics": {
        "http_reqs": {
            "count": 5011,
            "rate": 95.50531813260078
        },
        "http_req_waiting": {
            "min": 0,
            "med": 4331.970321,
            "max": 45684.973724,
            "p(90)": 9912.879634,
            "p(95)": 12793.7767095,
            "avg": 5225.034207521251
        },
        "iterations": {
            "rate": 95.50531813260078,
            "count": 5011
        },
        "vus_max": {
            "min": 220,
            "max": 1000,
            "value": 1000
        },
        "http_req_tls_handshaking": {
            "avg": 0,
            "min": 0,
            "med": 0,
            "max": 0,
            "p(90)": 0,
            "p(95)": 0
        },
        "data_received": {
            "count": 1246466,
            "rate": 23756.561938030405
        },
        "http_req_receiving": {
            "avg": 0.27763089303532146,
            "min": 0,
            "med": 0.111826,
            "max": 78.131029,
            "p(90)": 0.233453,
            "p(95)": 0.7204655
        },
        "data_sent": {
            "count": 510799301,
            "rate": 9735392.086193396
        },
        "http_req_blocked": {
            "max": 5161.852796,
            "p(90)": 151.698016,
            "p(95)": 1126.1253135,
            "avg": 126.59393741069569,
            "min": 0,
            "med": 0.010902
        },
        "checks": {
            "passes": 4966,
            "fails": 45,
            "value": 0.9910197565356217
        },
        "iteration_duration": {
            "avg": 6089.955366873678,
            "min": 66.845754,
            "med": 4982.110056,
            "max": 52110.648595,
            "p(90)": 11123.003263,
            "p(95)": 14618.531556
        },
        "http_req_duration": {
            "p(90)": 10663.611564,
            "p(95)": 13523.0677385,
            "avg": 5734.819552982222,
            "min": 0,
            "med": 4814.099258,
            "max": 49274.94605,
            "thresholds": {
                "p(95)<2000": true
            }
        },
        "vus": {
            "value": 2,
            "min": 2,
            "max": 1000
        },
        "http_req_sending": {
            "avg": 509.50771456795087,
            "min": 0,
            "med": 0.283665,
            "max": 48883.363153,
            "p(90)": 734.607715,
            "p(95)": 3431.02606
        },
        "http_req_connecting": {
            "p(90)": 150.632106,
            "p(95)": 1126.02719,
            "avg": 126.38772808481349,
            "min": 0,
            "med": 0,
            "max": 5161.733367
        },
        "http_req_failed": {
            "passes": 45,
            "fails": 4966,
            "thresholds": {
                "rate<0.01": false
            },
            "value": 0.008980243464378368
        },
        "http_req_duration{expected_response:true}": {
            "avg": 5777.126338515286,
            "min": 64.698334,
            "med": 4839.7390885,
            "max": 49274.94605,
            "p(90)": 10677.627321,
            "p(95)": 13557.69596325
        },
        "dropped_iterations": {
            "count": 594985,
            "rate": 11339.898564982135
        }
    },
    "root_group": {
        "checks": {
            "status is 202": {
                "path": "::status is 202",
                "id": "34a6d451b2be8259be22b1a5c2a715cf",
                "passes": 4966,
                "fails": 45,
                "name": "status is 202"
            }
        },
        "name": "",
        "path": "",
        "id": "d41d8cd98f00b204e9800998ecf8427e",
        "groups": {}
    }
}