{
    "root_group": {
        "groups": {},
        "checks": {
                "status is 202": {
                    "name": "status is 202",
                    "path": "::status is 202",
                    "id": "34a6d451b2be8259be22b1a5c2a715cf",
                    "passes": 29221,
                    "fails": 53
                }
            },
        "name": "",
        "path": "",
        "id": "d41d8cd98f00b204e9800998ecf8427e"
    },
    "metrics": {
        "http_req_duration": {
            "avg": 942.5165701288784,
            "min": 0,
            "med": 918.257925,
            "max": 1825.397764,
            "p(90)": 1256.4900498,
            "p(95)": 1326.84633975,
            "thresholds": {
                "p(95)<2000": false
            }
        },
        "vus": {
            "min": 558,
            "max": 1000,
            "value": 1000
        },
        "http_req_tls_handshaking": {
            "min": 0,
            "med": 0,
            "max": 0,
            "p(90)": 0,
            "p(95)": 0,
            "avg": 0
        },
        "iteration_duration": {
            "avg": 998.8438316907141,
            "min": 121.884978,
            "med": 921.2219165,
            "max": 30006.270953,
            "p(90)": 1261.4888139000002,
            "p(95)": 1330.27898685
        },
        "data_sent": {
            "count": 38296419,
            "rate": 1255257.2651327043
        },
        "dropped_iterations": {
            "count": 120727,
            "rate": 3957.1178664949325
        },
        "http_req_duration{expected_response:true}": {
            "med": 918.542016,
            "max": 1825.397764,
            "p(90)": 1256.70808,
            "p(95)": 1326.965598,
            "avg": 944.2260728227229,
            "min": 113.573594
        },
        "data_received": {
            "count": 7334471,
            "rate": 240404.9320813816
        },
        "checks": {
            "passes": 29221,
            "fails": 53,
            "value": 0.9981895197103231
        },
        "http_req_failed": {
            "passes": 53,
            "fails": 29221,
            "thresholds": {
                "rate<0.01": false
            },
            "value": 0.0018104802896768463
        },
        "http_req_connecting": {
            "avg": 1.212678338320695,
            "min": 0,
            "med": 0,
            "max": 300.127692,
            "p(90)": 0,
            "p(95)": 0
        },
        "http_req_receiving": {
            "p(95)": 0.149619,
            "avg": 0.08525187603333882,
            "min": 0,
            "med": 0.064908,
            "max": 25.853886,
            "p(90)": 0.126116
        },
        "iterations": {
            "count": 29274,
            "rate": 959.5257765352627
        },
        "http_req_blocked": {
            "p(95)": 0.014436999999999854,
            "avg": 1.2296635395914326,
            "min": 0,
            "med": 0.0055,
            "max": 300.191202,
            "p(90)": 0.008601
        },
        "http_req_sending": {
            "p(90)": 0.098614,
            "p(95)": 0.13450399999999998,
            "avg": 0.09761909920065387,
            "min": 0,
            "med": 0.041205,
            "max": 29.63674
        },
        "vus_max": {
            "value": 1000,
            "min": 558,
            "max": 1000
        },
        "http_reqs": {
            "count": 29274,
            "rate": 959.5257765352627
        },
        "http_req_waiting": {
            "avg": 942.3336991536496,
            "min": 0,
            "med": 918.023596,
            "max": 1825.127226,
            "p(90)": 1256.2913322,
            "p(95)": 1326.65211085
        }
    }
}