{
    "root_group": {
        "name": "",
        "path": "",
        "id": "d41d8cd98f00b204e9800998ecf8427e",
        "groups": {},
        "checks": {
                "status is 202": {
                    "name": "status is 202",
                    "path": "::status is 202",
                    "id": "34a6d451b2be8259be22b1a5c2a715cf",
                    "passes": 25214,
                    "fails": 16
                }
            }
    },
    "metrics": {
        "http_req_blocked": {
            "avg": 0.5455272488703993,
            "min": 0,
            "med": 0.007601,
            "max": 102.118736,
            "p(90)": 0.010802,
            "p(95)": 0.03300655
        },
        "http_reqs": {
            "count": 25230,
            "rate": 733.6534575207564
        },
        "http_req_receiving": {
            "p(90)": 0.1459308000000001,
            "p(95)": 0.19049954999999996,
            "avg": 0.09226113725723366,
            "min": 0,
            "med": 0.068713,
            "max": 16.604198
        },
        "http_req_waiting": {
            "avg": 761.6101363315057,
            "min": 0,
            "med": 673.780181,
            "max": 2368.170353,
            "p(90)": 1438.2728986,
            "p(95)": 1707.6908117999997
        },
        "checks": {
            "passes": 25214,
            "fails": 16,
            "value": 0.9993658343242172
        },
        "dropped_iterations": {
            "count": 4771,
            "rate": 138.73407236748034
        },
        "http_req_connecting": {
            "max": 102.024917,
            "p(90)": 0,
            "p(95)": 0,
            "avg": 0.5223887515259613,
            "min": 0,
            "med": 0
        },
        "iteration_duration": {
            "min": 2.944237,
            "med": 674.8135765,
            "max": 30007.351802,
            "p(90)": 1440.4653679000003,
            "p(95)": 1712.3319114,
            "avg": 781.7460786198164
        },
        "vus_max": {
            "value": 1000,
            "min": 140,
            "max": 1000
        },
        "iterations": {
            "count": 25230,
            "rate": 733.6534575207564
        },
        "http_req_duration{expected_response:true}": {
            "p(95)": 1708.0441867499999,
            "avg": 762.2600047532742,
            "min": 2.79841,
            "med": 674.1908980000001,
            "max": 2371.209737,
            "p(90)": 1438.4559642
        },
        "data_received": {
            "count": 6328714,
            "rate": 184030.23811969944
        },
        "vus": {
            "value": 7,
            "min": 7,
            "max": 1000
        },
        "http_req_sending": {
            "p(90)": 0.1050191,
            "p(95)": 0.13707759999999994,
            "avg": 0.07420815346809288,
            "min": 0,
            "med": 0.052109,
            "max": 20.983435
        },
        "http_req_tls_handshaking": {
            "p(95)": 0,
            "avg": 0,
            "min": 0,
            "med": 0,
            "max": 0,
            "p(90)": 0
        },
        "data_sent": {
            "count": 10374085,
            "rate": 301664.0241325492
        },
        "http_req_duration": {
            "avg": 761.7766056222376,
            "min": 0,
            "med": 673.887548,
            "max": 2371.209737,
            "p(90)": 1438.4293354,
            "p(95)": 1707.9141527999998,
            "thresholds": {
                "p(95)<2000": false
            }
        },
        "http_req_failed": {
            "passes": 16,
            "fails": 25214,
            "thresholds": {
                "rate<0.01": false
            },
            "value": 0.0006341656757827982
        }
    }
}