{
    "metrics": {
        "checks": {
            "passes": 1530,
            "fails": 21632,
            "value": 0.06605647180727053
        },
        "http_req_receiving": {
            "p(90)": 0,
            "p(95)": 0.05569900000000007,
            "avg": 0.008425739141697622,
            "min": 0,
            "med": 0,
            "max": 12.61674
        },
        "vus": {
            "value": 4,
            "min": 4,
            "max": 1000
        },
        "http_req_failed": {
            "passes": 21632,
            "fails": 1530,
            "thresholds": {
                "rate<0.01": true
            },
            "value": 0.9339435281927295
        },
        "iteration_duration": {
            "p(90)": 1098.657234300001,
            "p(95)": 1631.6405675000012,
            "avg": 1190.7777522941874,
            "min": 4.142776,
            "med": 625.0989099999999,
            "max": 30011.147935
        },
        "http_req_sending": {
            "p(90)": 0,
            "p(95)": 0.056703949999999996,
            "avg": 0.011179685130817733,
            "min": 0,
            "med": 0,
            "max": 9.182111
        },
        "iterations": {
            "count": 23162,
            "rate": 406.4068992432518
        },
        "http_req_connecting": {
            "p(90)": 0,
            "p(95)": 0,
            "avg": 0.6376448038597706,
            "min": 0,
            "med": 0,
            "max": 174.72206
        },
        "data_received": {
            "count": 384030,
            "rate": 6738.297276417667
        },
        "http_req_waiting": {
            "max": 29243.587586,
            "p(90)": 0,
            "p(95)": 914.692001850001,
            "avg": 465.17409998463023,
            "min": 0,
            "med": 0
        },
        "http_req_duration": {
            "med": 0,
            "max": 29243.894806,
            "p(90)": 0,
            "p(95)": 915.0426352500011,
            "avg": 465.193705408902,
            "min": 0,
            "thresholds": {
                "p(95)<2000": false
            }
        },
        "data_sent": {
            "count": 2240902,
            "rate": 39319.490256799996
        },
        "vus_max": {
            "value": 1000,
            "min": 248,
            "max": 1000
        },
        "http_req_duration{expected_response:true}": {
            "avg": 5520.2278586869215,
            "min": 21.172009,
            "med": 2063.455051,
            "max": 29243.894806,
            "p(90)": 20180.8491848,
            "p(95)": 24362.934387549998
        },
        "http_req_blocked": {
            "max": 174.766963,
            "p(90)": 0,
            "p(95)": 0.008001,
            "avg": 0.6482553847681543,
            "min": 0,
            "med": 0
        },
        "dropped_iterations": {
            "count": 6838,
            "rate": 119.9814513869854
        },
        "http_req_tls_handshaking": {
            "med": 0,
            "max": 0,
            "p(90)": 0,
            "p(95)": 0,
            "avg": 0,
            "min": 0
        },
        "http_reqs": {
            "count": 23162,
            "rate": 406.4068992432518
        }
    },
    "root_group": {
        "name": "",
        "path": "",
        "id": "d41d8cd98f00b204e9800998ecf8427e",
        "groups": {},
        "checks": {
                "status is 202": {
                    "name": "status is 202",
                    "path": "::status is 202",
                    "id": "34a6d451b2be8259be22b1a5c2a715cf",
                    "passes": 1530,
                    "fails": 21632
                }
            }
    }
}