{
    "metrics": {
        "http_req_failed": {
            "passes": 6,
            "fails": 5220,
            "thresholds": {
                "rate<0.01": false
            },
            "value": 0.001148105625717566
        },
        "http_reqs": {
            "count": 5226,
            "rate": 113.83944915106642
        },
        "dropped_iterations": {
            "count": 24774,
            "rate": 539.6591108435744
        },
        "http_req_tls_handshaking": {
            "avg": 0,
            "min": 0,
            "med": 0,
            "max": 0,
            "p(90)": 0,
            "p(95)": 0
        },
        "http_req_sending": {
            "avg": 337.92420596517314,
            "min": 0,
            "med": 0.29223750000000004,
            "max": 27922.128726,
            "p(90)": 201.4865935,
            "p(95)": 2514.19865725
        },
        "iteration_duration": {
            "p(90)": 10553.471335,
            "p(95)": 13032.743710749999,
            "avg": 5704.819340366054,
            "min": 76.18664,
            "med": 5055.871220999999,
            "max": 40263.788203
        },
        "vus_max": {
            "value": 1000,
            "min": 211,
            "max": 1000
        },
        "http_req_blocked": {
            "p(90)": 112.989411,
            "p(95)": 1070.8596682500001,
            "avg": 101.41923889954103,
            "min": 0,
            "med": 0.010903,
            "max": 7215.226454
        },
        "data_sent": {
            "count": 536467525,
            "rate": 11686025.169046298
        },
        "http_req_receiving": {
            "avg": 0.18092728358208915,
            "min": 0,
            "med": 0.114335,
            "max": 25.519615,
            "p(90)": 0.17535250000000002,
            "p(95)": 0.25971875
        },
        "checks": {
            "passes": 5220,
            "fails": 6,
            "value": 0.9988518943742825
        },
        "http_req_duration": {
            "p(90)": 10301.407431,
            "p(95)": 12734.639279750001,
            "avg": 5586.000825513972,
            "min": 0,
            "med": 4985.3895680000005,
            "max": 40243.814679,
            "thresholds": {
                "p(95)<2000": true
            }
        },
        "http_req_connecting": {
            "max": 7215.114627,
            "p(90)": 112.387472,
            "p(95)": 1070.60978525,
            "avg": 101.32314625641018,
            "min": 0,
            "med": 0
        },
        "http_req_waiting": {
            "med": 4686.2311085,
            "max": 40240.082689,
            "p(90)": 9792.8115715,
            "p(95)": 11995.23161225,
            "avg": 5247.895692265224,
            "min": 0
        },
        "vus": {
            "value": 1,
            "min": 1,
            "max": 1000
        },
        "http_req_duration{expected_response:true}": {
            "avg": 5587.824749472992,
            "min": 66.678138,
            "med": 4983.828995,
            "max": 40243.814679,
            "p(90)": 10312.509343200012,
            "p(95)": 12736.703239000002
        },
        "iterations": {
            "rate": 113.83944915106642,
            "count": 5226
        },
        "data_received": {
            "count": 1310220,
            "rate": 28540.89610920594
        }
    },
    "root_group": {
        "name": "",
        "path": "",
        "id": "d41d8cd98f00b204e9800998ecf8427e",
        "groups": {},
        "checks": {
                "status is 202": {
                    "path": "::status is 202",
                    "id": "34a6d451b2be8259be22b1a5c2a715cf",
                    "passes": 5220,
                    "fails": 6,
                    "name": "status is 202"
                }
            }
    }
}