{
    "root_group": {
        "checks": {
            "status is 202": {
                "fails": 0,
                "name": "status is 202",
                "path": "::status is 202",
                "id": "34a6d451b2be8259be22b1a5c2a715cf",
                "passes": 27268
            }
        },
        "name": "",
        "path": "",
        "id": "d41d8cd98f00b204e9800998ecf8427e",
        "groups": {}
    },
    "metrics": {
        "iterations": {
            "rate": 898.3956292312782,
            "count": 27268
        },
        "http_req_sending": {
            "med": 0.053801,
            "max": 13.040879,
            "p(90)": 0.10640329999999999,
            "p(95)": 0.13861364999999998,
            "avg": 0.07287829283409124,
            "min": 0.008
        },
        "http_req_waiting": {
            "p(95)": 1361.6127902499986,
            "avg": 772.1775153530874,
            "min": 247.713016,
            "med": 726.7570189999999,
            "max": 1736.480886,
            "p(90)": 1117.0689954
        },
        "http_req_connecting": {
            "min": 0,
            "med": 0,
            "max": 172.794886,
            "p(90)": 0,
            "p(95)": 0,
            "avg": 0.265032424893648
        },
        "http_req_receiving": {
            "med": 0.081298,
            "max": 15.462917,
            "p(90)": 0.14929979999999998,
            "p(95)": 0.1891002,
            "avg": 0.0974847470661575,
            "min": 0.0152
        },
        "data_received": {
            "count": 6844268,
            "rate": 225497.30293705084
        },
        "checks": {
            "passes": 27268,
            "fails": 0,
            "value": 1
        },
        "http_req_duration": {
            "p(95)": 1362.0235701999998,
            "avg": 772.3478783929875,
            "min": 248.680046,
            "med": 726.9503275,
            "max": 1736.849922,
            "p(90)": 1117.1463308999998,
            "thresholds": {
                "p(95)<2000": false
            }
        },
        "http_req_blocked": {
            "avg": 0.28299025594103755,
            "min": 0.0022,
            "med": 0.007601,
            "max": 172.900897,
            "p(90)": 0.010801,
            "p(95)": 0.02976564999999978
        },
        "http_req_tls_handshaking": {
            "med": 0,
            "max": 0,
            "p(90)": 0,
            "p(95)": 0,
            "avg": 0,
            "min": 0
        },
        "data_sent": {
            "count": 35735109,
            "rate": 1177360.4861267167
        },
        "http_req_failed": {
            "passes": 0,
            "fails": 27268,
            "thresholds": {
                "rate<0.01": false
            },
            "value": 0
        },
        "vus": {
            "value": 785,
            "min": 288,
            "max": 1000
        },
        "vus_max": {
            "value": 1000,
            "min": 288,
            "max": 1000
        },
        "http_req_duration{expected_response:true}": {
            "min": 248.680046,
            "med": 726.9503275,
            "max": 1736.849922,
            "p(90)": 1117.1463308999998,
            "p(95)": 1362.0235701999998,
            "avg": 772.3478783929875
        },
        "http_reqs": {
            "count": 27268,
            "rate": 898.3956292312782
        },
        "iteration_duration": {
            "avg": 772.991965544149,
            "min": 255.940172,
            "med": 727.3294765,
            "max": 1758.183594,
            "p(90)": 1117.7451661999996,
            "p(95)": 1363.1365235499993
        },
        "dropped_iterations": {
            "count": 2733,
            "rate": 90.04383360309093
        }
    }
}